timestamp,Bx_uT,By_uT,Bz_uT,B_total_uT,theta_deg,phi_deg,N_matrix
2026-08-08T19:59:19.592707,0.28469763268816256,3.4884608062387996,-0.7996808250968535,3.590250821426002,102.86982694068382,85.33436005095606,"[[0.5773502691896258, 0.5773502691896258, 0.5773502691896258], [0.5773502691896258, -0.5773502691896258, -0.5773502691896258], [-0.5773502691896258, 0.5773502691896258, -0.5773502691896258], [-0.5773502691896258, -0.5773502691896258, 0.5773502691896258]]"
2026-08-08T19:59:29.592707,0.38212204962500634,1.8488015713981736,0.001955649751537068,1.8878793223561516,89.94064742609238,78.32218056819045,"[[0.5773502691896258, 0.5773502691896258, 0.5773502691896258], [0.5773502691896258, -0.5773502691896258, -0.5773502691896258], [-0.5773502691896258, 0.5773502691896258, -0.5773502691896258], [-0.5773502691896258, -0.5773502691896258, 0.5773502691896258]]"
2026-08-08T19:59:39.592707,-0.8342573305072476,2.372723401129214,1.0599128241138258,2.7293253427343926,67.14860046252164,109.37184151453272,"[[0.5773502691896258, 0.5773502691896258, 0.5773502691896258], [0.5773502691896258, -0.5773502691896258, -0.5773502691896258], [-0.5773502691896258, 0.5773502691896258, -0.5773502691896258], [-0.5773502691896258, -0.5773502691896258, 0.5773502691896258]]"
2026-08-08T19:59:49.592707,-0.25198660647564547,3.9028290386876625,-0.6141514159613642,3.9588828874815336,98.92448113721045,93.69418104413398,"[[0.5773502691896258, 0.5773502691896258, 0.5773502691896258], [0.5773502691896258, -0.5773502691896258, -0.5773502691896258], [-0.5773502691896258, 0.5773502691896258, -0.5773502691896258], [-0.5773502691896258, -0.5773502691896258, 0.5773502691896258]]"
2026-08-08T19:59:59.592707,0.7759097291836393,4.9000391871490345,0.5115063468656296,4.987389967339813,84.11339841920952,81.00205591252144,"[[0.5773502691896258, 0.5773502691896258, 0.5773502691896258], [0.5773502691896258, -0.5773502691896258, -0.5773502691896258], [-0.5773502691896258, 0.5773502691896258, -0.5773502691896258], [-0.5773502691896258, -0.5773502691896258, 0.5773502691896258]]"
2026-08-08T20:00:09.592707,0.6927374125607878,4.030193420364448,-0.263067495755016,4.097749215805321,93.68080843153668,80.24691336790752,"[[0.5773502691896258, 0.5773502691896258, 0.5773502691896258], [0.5773502691896258, -0.5773502691896258, -0.5773502691896258], [-0.5773502691896258, 0.5773502691896258, -0.5773502691896258], [-0.5773502691896258, -0.5773502691896258, 0.5773502691896258]]"
2026-08-08T20:00:19.592707,-0.2822600899936287,2.685854997770047,-0.35095059951664875,2.7233534751755317,97.40412989098583,95.99926900028937,"[[0.5773502691896258, 0.5773502691896258, 0.5773502691896258], [0.5773502691896258, -0.5773502691896258, -0.5773502691896258], [-0.5773502691896258, 0.5773502691896258, -0.5773502691896258], [-0.5773502691896258, -0.5773502691896258, 0.5773502691896258]]"
2026-08-08T20:00:29.592707,0.1747663189150463,3.953344827269935,0.756977470308499,4.028956872452685,79.17066388646151,87.4687618756376,"[[0.5773502691896258, 0.5773502691896258, 0.5773502691896258], [0.5773502691896258, -0.5773502691896258, -0.5773502691896258], [-0.5773502691896258, 0.5773502691896258, -0.5773502691896258], [-0.5773502691896258, -0.5773502691896258, 0.5773502691896258]]"
2026-08-08T20:00:39.592707,0.874242239379951,3.1192458450752425,0.5040035289308709,3.2784163390744023,81.15662955819406,74.34321849943977,"[[0.5773502691896258, 0.5773502691896258, 0.5773502691896258], [0.5773502691896258, -0.5773502691896258, -0.5773502691896258], [-0.5773502691896258, 0.5773502691896258, -0.5773502691896258], [-0.5773502691896258, -0.5773502691896258, 0.5773502691896258]]"
2026-08-08T20:00:49.592707,-0.47078713570784864,2.622950672293359,0.42511936955956164,2.698562067992305,80.93612236743944,100.17553449406739,"[[0.5773502691896258, 0.5773502691896258, 0.5773502691896258], [0.5773502691896258, -0.5773502691896258, -0.5773502691896258], [-0.5773502691896258, 0.5773502691896258, -0.5773502691896258], [-0.5773502691896258, -0.5773502691896258, 0.5773502691896258]]"
2026-08-08T20:00:59.592707,1.2768072623962121,2.5496971603849055,-0.01396040207342074,2.8515587470379447,90.28050458900634,63.39974786256992,"[[0.5773502691896258, 0.5773502691896258, 0.5773502691896258], [0.5773502691896258, -0.5773502691896258, -0.5773502691896258], [-0.5773502691896258, 0.5773502691896258, -0.5773502691896258], [-0.5773502691896258, -0.5773502691896258, 0.5773502691896258]]"
2026-08-08T20:01:09.592707,0.783884773365633,4.370492021937169,-0.6959746150100866,4.4944472982191455,98.90821880354407,79.83163352554664,"[[0.5773502691896258, 0.5773502691896258, 0.5773502691896258], [0.5773502691896258, -0.5773502691896258, -0.5773502691896258], [-0.5773502691896258, 0.5773502691896258, -0.5773502691896258], [-0.5773502691896258, -0.5773502691896258, 0.5773502691896258]]"
2026-08-08T20:01:19.592707,-0.6704175542413847,3.0364008012624675,-0.635040825715529,3.1737149168234717,101.54244697844575,102.45077650985196,"[[0.5773502691896258, 0.5773502691896258, 0.5773502691896258], [0.5773502691896258, -0.5773502691896258, -0.5773502691896258], [-0.5773502691896258, 0.5773502691896258, -0.5773502691896258], [-0.5773502691896258, -0.5773502691896258, 0.5773502691896258]]"
2026-08-08T20:01:29.592707,0.22827135750840274,4.66770268506348,0.46247452253170285,4.696108905551327,84.34833010734434,87.2002129462856,"[[0.5773502691896258, 0.5773502691896258, 0.5773502691896258], [0.5773502691896258, -0.5773502691896258, -0.5773502691896258], [-0.5773502691896258, 0.5773502691896258, -0.5773502691896258], [-0.5773502691896258, -0.5773502691896258, 0.5773502691896258]]"
2026-08-08T20:01:39.592707,0.21078362894780078,3.219409100571658,0.597033498754358,3.281078129778516,79.5159035321007,86.25403313929239,"[[0.5773502691896258, 0.5773502691896258, 0.5773502691896258], [0.5773502691896258, -0.5773502691896258, -0.5773502691896258], [-0.5773502691896258, 0.5773502691896258, -0.5773502691896258], [-0.5773502691896258, -0.5773502691896258, 0.5773502691896258]]"
2026-08-08T20:01:49.592707,0.2700376567448127,4.661041417284792,-0.008639942610149652,4.6688651809955655,90.1060284480591,86.68427268032663,"[[0.5773502691896258, 0.5773502691896258, 0.5773502691896258], [0.5773502691896258, -0.5773502691896258, -0.5773502691896258], [-0.5773502691896258, 0.5773502691896258, -0.5773502691896258], [-0.5773502691896258, -0.5773502691896258, 0.5773502691896258]]"
2026-08-08T20:01:59.592707,0.9866978785244378,4.08105232478316,0.7104359074486961,4.258318912399013,80.39615996864623,76.40812513092628,"[[0.5773502691896258, 0.5773502691896258, 0.5773502691896258], [0.5773502691896258, -0.5773502691896258, -0.5773502691896258], [-0.5773502691896258, 0.5773502691896258, -0.5773502691896258], [-0.5773502691896258, -0.5773502691896258, 0.5773502691896258]]"
2026-08-08T20:02:09.592707,-0.13416612873814315,2.9540547429159814,-0.5210047859155085,3.002646492877883,99.99226309321575,92.60045075231027,"[[0.5773502691896258, 0.5773502691896258, 0.5773502691896258], [0.5773502691896258, -0.5773502691896258, -0.5773502691896258], [-0.5773502691896258, 0.5773502691896258, -0.5773502691896258], [-0.5773502691896258, -0.5773502691896258, 0.5773502691896258]]"
2026-08-08T20:02:19.592707,1.52797158045263,3.102252733869335,-0.4803660246745856,3.491335087489073,97.90830166647204,63.77808742428897,"[[0.5773502691896258, 0.5773502691896258, 0.5773502691896258], [0.5773502691896258, -0.5773502691896258, -0.5773502691896258], [-0.5773502691896258, 0.5773502691896258, -0.5773502691896258], [-0.5773502691896258, -0.5773502691896258, 0.5773502691896258]]"
2026-08-08T20:02:29.592707,-0.33945828337464334,2.152715138967311,1.3141512802211268,2.544878775697879,58.90955519732142,98.96109359743534,"[[0.5773502691896258, 0.5773502691896258, 0.5773502691896258], [0.5773502691896258, -0.5773502691896258, -0.5773502691896258], [-0.5773502691896258, 0.5773502691896258, -0.5773502691896258], [-0.5773502691896258, -0.5773502691896258, 0.5773502691896258]]"
2026-08-08T20:02:39.592707,-0.23247591856832062,2.231632023281081,-1.2986045870979783,2.5924120840791702,120.06123079928717,95.94722497320309,"[[0.5773502691896258, 0.5773502691896258, 0.5773502691896258], [0.5773502691896258, -0.5773502691896258, -0.5773502691896258], [-0.5773502691896258, 0.5773502691896258, -0.5773502691896258], [-0.5773502691896258, -0.5773502691896258, 0.5773502691896258]]"
2026-08-08T20:02:49.592707,1.9279770844048605,2.2668358392649886,0.28527569723304025,2.9894853375787394,84.52414020179309,49.61834898116041,"[[0.5773502691896258, 0.5773502691896258, 0.5773502691896258], [0.5773502691896258, -0.5773502691896258, -0.5773502691896258], [-0.5773502691896258, 0.5773502691896258, -0.5773502691896258], [-0.5773502691896258, -0.5773502691896258, 0.5773502691896258]]"
2026-08-08T20:02:59.592707,-1.2418565049498165,3.6939634470438913,0.59747617742829,3.9426578991305954,81.28373237337651,108.581891984329,"[[0.5773502691896258, 0.5773502691896258, 0.5773502691896258], [0.5773502691896258, -0.5773502691896258, -0.5773502691896258], [-0.5773502691896258, 0.5773502691896258, -0.5773502691896258], [-0.5773502691896258, -0.5773502691896258, 0.5773502691896258]]"
2026-08-08T20:03:09.592707,-0.21469471921609187,3.7650677731825377,0.6574892277604539,3.8280701722588666,80.11014049435566,93.26363168803677,"[[0.5773502691896258, 0.5773502691896258, 0.5773502691896258], [0.5773502691896258, -0.5773502691896258, -0.5773502691896258], [-0.5773502691896258, 0.5773502691896258, -0.5773502691896258], [-0.5773502691896258, -0.5773502691896258, 0.5773502691896258]]"
2026-08-08T20:03:19.592707,1.0306617806178433,1.7807800213646157,-0.6525362364962769,2.1585283714740533,107.5961640194309,59.93903563190773,"[[0.5773502691896258, 0.5773502691896258, 0.5773502691896258], [0.5773502691896258, -0.5773502691896258, -0.5773502691896258], [-0.5773502691896258, 0.5773502691896258, -0.5773502691896258], [-0.5773502691896258, -0.5773502691896258, 0.5773502691896258]]"
2026-08-08T20:03:29.592707,0.03440235354769169,4.468548687225819,-0.16820083510582926,4.471845526510001,92.15559140842697,89.55890136604981,"[[0.5773502691896258, 0.5773502691896258, 0.5773502691896258], [0.5773502691896258, -0.5773502691896258, -0.5773502691896258], [-0.5773502691896258, 0.5773502691896258, -0.5773502691896258], [-0.5773502691896258, -0.5773502691896258, 0.5773502691896258]]"
2026-08-08T20:03:39.592707,-0.7898642918258464,3.075750158094504,0.17800507413066818,3.1805361876476392,86.79165060172258,104.40254931671733,"[[0.5773502691896258, 0.5773502691896258, 0.5773502691896258], [0.5773502691896258, -0.5773502691896258, -0.5773502691896258], [-0.5773502691896258, 0.5773502691896258, -0.5773502691896258], [-0.5773502691896258, -0.5773502691896258, 0.5773502691896258]]"
2026-08-08T20:03:49.592707,-0.9149404031608135,3.4339443405543952,-0.5264476253104228,3.5925251255289243,98.42645113292394,104.91929591514611,"[[0.5773502691896258, 0.5773502691896258, 0.5773502691896258], [0.5773502691896258, -0.5773502691896258, -0.5773502691896258], [-0.5773502691896258, 0.5773502691896258, -0.5773502691896258], [-0.5773502691896258, -0.5773502691896258, 0.5773502691896258]]"
2026-08-08T20:03:59.592707,-0.2614559033121784,3.571984603884255,0.17722651043759333,3.5859228150874682,87.16712545185236,94.18637082946915,"[[0.5773502691896258, 0.5773502691896258, 0.5773502691896258], [0.5773502691896258, -0.5773502691896258, -0.5773502691896258], [-0.5773502691896258, 0.5773502691896258, -0.5773502691896258], [-0.5773502691896258, -0.5773502691896258, 0.5773502691896258]]"
2026-08-08T20:04:09.592707,0.8405886651807825,4.18367116190325,0.11013130351190072,4.268702683366989,88.5216213018985,78.63931996458686,"[[0.5773502691896258, 0.5773502691896258, 0.5773502691896258], [0.5773502691896258, -0.5773502691896258, -0.5773502691896258], [-0.5773502691896258, 0.5773502691896258, -0.5773502691896258], [-0.5773502691896258, -0.5773502691896258, 0.5773502691896258]]"
2026-08-08T20:04:19.592707,0.9016636862001753,2.371731654457177,-1.5386502988187354,2.9674152365014996,121.23271554695779,69.18464622116234,"[[0.5773502691896258, 0.5773502691896258, 0.5773502691896258], [0.5773502691896258, -0.5773502691896258, -0.5773502691896258], [-0.5773502691896258, 0.5773502691896258, -0.5773502691896258], [-0.5773502691896258, -0.5773502691896258, 0.5773502691896258]]"
2026-08-08T20:04:29.592707,-0.9140416314704793,3.283850136956,-0.30726619334910427,3.4225073176871956,95.15084129671642,105.5542515063813,"[[0.5773502691896258, 0.5773502691896258, 0.5773502691896258], [0.5773502691896258, -0.5773502691896258, -0.5773502691896258], [-0.5773502691896258, 0.5773502691896258, -0.5773502691896258], [-0.5773502691896258, -0.5773502691896258, 0.5773502691896258]]"
2026-08-08T20:04:39.592707,0.36590902102212564,3.0523826282751805,-0.8318998901978104,3.184805574657988,105.14181222055343,83.16420088394216,"[[0.5773502691896258, 0.5773502691896258, 0.5773502691896258], [0.5773502691896258, -0.5773502691896258, -0.5773502691896258], [-0.5773502691896258, 0.5773502691896258, -0.5773502691896258], [-0.5773502691896258, -0.5773502691896258, 0.5773502691896258]]"
2026-08-08T20:04:49.592707,-0.052505832045448154,3.621316998186119,-1.1588489383438265,3.8025812977043794,107.74331834049894,90.83067894753674,"[[0.5773502691896258, 0.5773502691896258, 0.5773502691896258], [0.5773502691896258, -0.5773502691896258, -0.5773502691896258], [-0.5773502691896258, 0.5773502691896258, -0.5773502691896258], [-0.5773502691896258, -0.5773502691896258, 0.5773502691896258]]"
2026-08-08T20:04:59.592707,-0.05467694318545777,2.4372578717171747,-1.0913387076155316,2.6709990033886903,114.11617930772071,91.28514620047234,"[[0.5773502691896258, 0.5773502691896258, 0.5773502691896258], [0.5773502691896258, -0.5773502691896258, -0.5773502691896258], [-0.5773502691896258, 0.5773502691896258, -0.5773502691896258], [-0.5773502691896258, -0.5773502691896258, 0.5773502691896258]]"
2026-08-08T20:05:09.592707,-0.5572221239281134,3.773392256477847,1.3436758223207355,4.044063591504372,70.59406547465593,98.40023826322296,"[[0.5773502691896258, 0.5773502691896258, 0.5773502691896258], [0.5773502691896258, -0.5773502691896258, -0.5773502691896258], [-0.5773502691896258, 0.5773502691896258, -0.5773502691896258], [-0.5773502691896258, -0.5773502691896258, 0.5773502691896258]]"
2026-08-08T20:05:19.592707,1.014895825050455,3.690399740355415,0.7681361479779756,3.9037285921475893,78.65186724143581,74.62323062111594,"[[0.5773502691896258, 0.5773502691896258, 0.5773502691896258], [0.5773502691896258, -0.5773502691896258, -0.5773502691896258], [-0.5773502691896258, 0.5773502691896258, -0.5773502691896258], [-0.5773502691896258, -0.5773502691896258, 0.5773502691896258]]"
2026-08-08T20:05:29.592707,0.7688730574200314,3.1948246604036257,0.002062230579425113,3.2860423980747013,89.96404272920853,76.4684052762799,"[[0.5773502691896258, 0.5773502691896258, 0.5773502691896258], [0.5773502691896258, -0.5773502691896258, -0.5773502691896258], [-0.5773502691896258, 0.5773502691896258, -0.5773502691896258], [-0.5773502691896258, -0.5773502691896258, 0.5773502691896258]]"
2026-08-08T20:05:39.592707,0.16614961234190298,2.7130889692290516,0.24477474864619939,2.729170593093904,84.85432288337347,86.49558208258173,"[[0.5773502691896258, 0.5773502691896258, 0.5773502691896258], [0.5773502691896258, -0.5773502691896258, -0.5773502691896258], [-0.5773502691896258, 0.5773502691896258, -0.5773502691896258], [-0.5773502691896258, -0.5773502691896258, 0.5773502691896258]]"
2026-08-08T20:05:49.592707,0.772039071765304,3.1858627226561698,1.0101448911457025,3.4301834232370396,72.87321366215689,76.37795304928733,"[[0.5773502691896258, 0.5773502691896258, 0.5773502691896258], [0.5773502691896258, -0.5773502691896258, -0.5773502691896258], [-0.5773502691896258, 0.5773502691896258, -0.5773502691896258], [-0.5773502691896258, -0.5773502691896258, 0.5773502691896258]]"
2026-08-08T20:05:59.592707,-0.5101096911616707,3.41398711386432,0.6093855253126818,3.5052632752917856,79.98833244459529,98.49812689932715,"[[0.5773502691896258, 0.5773502691896258, 0.5773502691896258], [0.5773502691896258, -0.5773502691896258, -0.5773502691896258], [-0.5773502691896258, 0.5773502691896258, -0.5773502691896258], [-0.5773502691896258, -0.5773502691896258, 0.5773502691896258]]"
2026-08-08T20:06:09.592707,0.4839864489361386,3.532008136594029,0.09526394152545109,3.566286524982983,88.46931224431401,82.1974281608096,"[[0.5773502691896258, 0.5773502691896258, 0.5773502691896258], [0.5773502691896258, -0.5773502691896258, -0.5773502691896258], [-0.5773502691896258, 0.5773502691896258, -0.5773502691896258], [-0.5773502691896258, -0.5773502691896258, 0.5773502691896258]]"
2026-08-08T20:06:19.592707,0.35032610697142075,3.653848997903714,0.6816201706235481,3.733355988612471,79.48017550275097,84.52329902060055,"[[0.5773502691896258, 0.5773502691896258, 0.5773502691896258], [0.5773502691896258, -0.5773502691896258, -0.5773502691896258], [-0.5773502691896258, 0.5773502691896258, -0.5773502691896258], [-0.5773502691896258, -0.5773502691896258, 0.5773502691896258]]"
2026-08-08T20:06:29.592707,0.6076328687111732,3.580441654867826,-0.9517509627147414,3.7542788977484434,104.68537225924663,80.36816494710114,"[[0.5773502691896258, 0.5773502691896258, 0.5773502691896258], [0.5773502691896258, -0.5773502691896258, -0.5773502691896258], [-0.5773502691896258, 0.5773502691896258, -0.5773502691896258], [-0.5773502691896258, -0.5773502691896258, 0.5773502691896258]]"
2026-08-08T20:06:39.592707,0.13714489235144373,3.0321423920803547,-0.2597469933981503,3.0463362762387614,94.89128491924184,87.41025631643888,"[[0.5773502691896258, 0.5773502691896258, 0.5773502691896258], [0.5773502691896258, -0.5773502691896258, -0.5773502691896258], [-0.5773502691896258, 0.5773502691896258, -0.5773502691896258], [-0.5773502691896258, -0.5773502691896258, 0.5773502691896258]]"
2026-08-08T20:06:49.592707,0.41551551058198666,3.9647359778574054,0.42445805702725975,4.008983556442516,83.9223191138863,84.01708167027769,"[[0.5773502691896258, 0.5773502691896258, 0.5773502691896258], [0.5773502691896258, -0.5773502691896258, -0.5773502691896258], [-0.5773502691896258, 0.5773502691896258, -0.5773502691896258], [-0.5773502691896258, -0.5773502691896258, 0.5773502691896258]]"
2026-08-08T20:06:59.592707,0.5142551495441712,4.507236961887869,-0.05786618900803577,4.536848232558722,90.73081093717556,83.4909602730134,"[[0.5773502691896258, 0.5773502691896258, 0.5773502691896258], [0.5773502691896258, -0.5773502691896258, -0.5773502691896258], [-0.5773502691896258, 0.5773502691896258, -0.5773502691896258], [-0.5773502691896258, -0.5773502691896258, 0.5773502691896258]]"
2026-08-08T20:07:09.592707,0.033936869623200645,3.71510356728171,-1.3301139332736605,3.9461816103973013,109.69806954848052,89.47662688750546,"[[0.5773502691896258, 0.5773502691896258, 0.5773502691896258], [0.5773502691896258, -0.5773502691896258, -0.5773502691896258], [-0.5773502691896258, 0.5773502691896258, -0.5773502691896258], [-0.5773502691896258, -0.5773502691896258, 0.5773502691896258]]"
2026-08-08T20:07:19.592707,-0.12532021257795806,2.8169022644067527,-0.8320424059620374,2.9398874278141283,106.44043861727383,92.5473328565777,"[[0.5773502691896258, 0.5773502691896258, 0.5773502691896258], [0.5773502691896258, -0.5773502691896258, -0.5773502691896258], [-0.5773502691896258, 0.5773502691896258, -0.5773502691896258], [-0.5773502691896258, -0.5773502691896258, 0.5773502691896258]]"
2026-08-08T20:07:29.592707,-0.24157030260433218,2.6471794379096463,-1.018038952719131,2.846457183385242,110.95602076142183,95.21412668012665,"[[0.5773502691896258, 0.5773502691896258, 0.5773502691896258], [0.5773502691896258, -0.5773502691896258, -0.5773502691896258], [-0.5773502691896258, 0.5773502691896258, -0.5773502691896258], [-0.5773502691896258, -0.5773502691896258, 0.5773502691896258]]"
2026-08-08T20:07:39.592707,1.1622411342652115,3.9870091883298184,0.3017509184804882,4.163904458414999,85.84423158260088,73.74822603878143,"[[0.5773502691896258, 0.5773502691896258, 0.5773502691896258], [0.5773502691896258, -0.5773502691896258, -0.5773502691896258], [-0.5773502691896258, 0.5773502691896258, -0.5773502691896258], [-0.5773502691896258, -0.5773502691896258, 0.5773502691896258]]"
2026-08-08T20:07:49.592707,0.12306673169083504,3.719186281187537,0.7074493060950435,3.7878722965956766,79.23583386897309,88.1047917579279,"[[0.5773502691896258, 0.5773502691896258, 0.5773502691896258], [0.5773502691896258, -0.5773502691896258, -0.5773502691896258], [-0.5773502691896258, 0.5773502691896258, -0.5773502691896258], [-0.5773502691896258, -0.5773502691896258, 0.5773502691896258]]"
2026-08-08T20:07:59.592707,0.5401727277573766,4.4671444881544895,-0.6253716760374323,4.542934754875064,97.91235200658481,83.10519742232104,"[[0.5773502691896258, 0.5773502691896258, 0.5773502691896258], [0.5773502691896258, -0.5773502691896258, -0.5773502691896258], [-0.5773502691896258, 0.5773502691896258, -0.5773502691896258], [-0.5773502691896258, -0.5773502691896258, 0.5773502691896258]]"
2026-08-08T20:08:09.592707,-0.03197253548290562,3.3918821306233102,0.2275289543141439,3.399655284895547,86.16249307982807,90.54006507874782,"[[0.5773502691896258, 0.5773502691896258, 0.5773502691896258], [0.5773502691896258, -0.5773502691896258, -0.5773502691896258], [-0.5773502691896258, 0.5773502691896258, -0.5773502691896258], [-0.5773502691896258, -0.5773502691896258, 0.5773502691896258]]"
2026-08-08T20:08:19.592707,0.20911314964960423,3.186473431142895,0.03335603408118,3.193501818027599,89.40153635877058,86.24533339861507,"[[0.5773502691896258, 0.5773502691896258, 0.5773502691896258], [0.5773502691896258, -0.5773502691896258, -0.5773502691896258], [-0.5773502691896258, 0.5773502691896258, -0.5773502691896258], [-0.5773502691896258, -0.5773502691896258, 0.5773502691896258]]"
2026-08-08T20:08:29.592707,0.2800920085319759,5.084039039581708,-0.5909859605428675,5.125931027120162,96.62054756763922,86.84662468333194,"[[0.5773502691896258, 0.5773502691896258, 0.5773502691896258], [0.5773502691896258, -0.5773502691896258, -0.5773502691896258], [-0.5773502691896258, 0.5773502691896258, -0.5773502691896258], [-0.5773502691896258, -0.5773502691896258, 0.5773502691896258]]"
2026-08-08T20:08:39.592707,-0.640629862863729,2.345108959075949,-0.03961012991241607,2.4313600337100962,90.9334667185213,105.2791002811253,"[[0.5773502691896258, 0.5773502691896258, 0.5773502691896258], [0.5773502691896258, -0.5773502691896258, -0.5773502691896258], [-0.5773502691896258, 0.5773502691896258, -0.5773502691896258], [-0.5773502691896258, -0.5773502691896258, 0.5773502691896258]]"
2026-08-08T20:08:49.592707,-0.2453190392100792,3.38336129914835,-1.6611987123378489,3.7771545207267723,116.09122499361652,94.14711578863837,"[[0.5773502691896258, 0.5773502691896258, 0.5773502691896258], [0.5773502691896258, -0.5773502691896258, -0.5773502691896258], [-0.5773502691896258, 0.5773502691896258, -0.5773502691896258], [-0.5773502691896258, -0.5773502691896258, 0.5773502691896258]]"
2026-08-08T20:08:59.592707,-0.2460418891352598,3.9536496456548864,-0.5824124994030134,4.003883920802041,98.36402679067962,93.56101498772095,"[[0.5773502691896258, 0.5773502691896258, 0.5773502691896258], [0.5773502691896258, -0.5773502691896258, -0.5773502691896258], [-0.5773502691896258, 0.5773502691896258, -0.5773502691896258], [-0.5773502691896258, -0.5773502691896258, 0.5773502691896258]]"
2026-08-08T20:09:09.592707,-1.239262209067188,2.9017810824369645,0.17362754729805183,3.1601029727513414,86.8503755087427,113.12585027950854,"[[0.5773502691896258, 0.5773502691896258, 0.5773502691896258], [0.5773502691896258, -0.5773502691896258, -0.5773502691896258], [-0.5773502691896258, 0.5773502691896258, -0.5773502691896258], [-0.5773502691896258, -0.5773502691896258, 0.5773502691896258]]"
2026-08-08T20:09:19.592707,0.5309559589487597,4.085629747536036,0.6468621433200913,4.170457444544331,81.07706757476008,82.59551377728506,"[[0.5773502691896258, 0.5773502691896258, 0.5773502691896258], [0.5773502691896258, -0.5773502691896258, -0.5773502691896258], [-0.5773502691896258, 0.5773502691896258, -0.5773502691896258], [-0.5773502691896258, -0.5773502691896258, 0.5773502691896258]]"
2026-08-08T20:09:29.592707,-1.2551401146379064,4.04205508629477,-1.397404908690519,4.457165748191,108.27141352850425,107.2506289573891,"[[0.5773502691896258, 0.5773502691896258, 0.5773502691896258], [0.5773502691896258, -0.5773502691896258, -0.5773502691896258], [-0.5773502691896258, 0.5773502691896258, -0.5773502691896258], [-0.5773502691896258, -0.5773502691896258, 0.5773502691896258]]"
2026-08-08T20:09:39.592707,-2.379702847395886,2.943991839413758,0.3761536209106394,3.8041510405033963,84.32533306732527,128.94948297698977,"[[0.5773502691896258, 0.5773502691896258, 0.5773502691896258], [0.5773502691896258, -0.5773502691896258, -0.5773502691896258], [-0.5773502691896258, 0.5773502691896258, -0.5773502691896258], [-0.5773502691896258, -0.5773502691896258, 0.5773502691896258]]"
2026-08-08T20:09:49.592707,0.24496772669717398,4.704343987862638,0.6179084273691461,4.75107065490257,82.5271329414712,87.01914839939107,"[[0.5773502691896258, 0.5773502691896258, 0.5773502691896258], [0.5773502691896258, -0.5773502691896258, -0.5773502691896258], [-0.5773502691896258, 0.5773502691896258, -0.5773502691896258], [-0.5773502691896258, -0.5773502691896258, 0.5773502691896258]]"
2026-08-08T20:09:59.592707,1.2887401855362202,3.3901936500881047,0.3681384243565182,3.645516444950062,84.20417007342229,69.18631859784662,"[[0.5773502691896258, 0.5773502691896258, 0.5773502691896258], [0.5773502691896258, -0.5773502691896258, -0.5773502691896258], [-0.5773502691896258, 0.5773502691896258, -0.5773502691896258], [-0.5773502691896258, -0.5773502691896258, 0.5773502691896258]]"
2026-08-08T20:10:09.592707,0.1643399688125426,3.248311532959102,-0.5713824694057449,3.3022739690777665,99.96386054059167,87.10373677594306,"[[0.5773502691896258, 0.5773502691896258, 0.5773502691896258], [0.5773502691896258, -0.5773502691896258, -0.5773502691896258], [-0.5773502691896258, 0.5773502691896258, -0.5773502691896258], [-0.5773502691896258, -0.5773502691896258, 0.5773502691896258]]"
2026-08-08T20:10:19.592707,1.149939222829072,3.7709809630885758,-0.5278095427798946,3.977592306110154,97.62539655777239,73.04121291174272,"[[0.5773502691896258, 0.5773502691896258, 0.5773502691896258], [0.5773502691896258, -0.5773502691896258, -0.5773502691896258], [-0.5773502691896258, 0.5773502691896258, -0.5773502691896258], [-0.5773502691896258, -0.5773502691896258, 0.5773502691896258]]"
2026-08-08T20:10:29.592707,-0.1646046249683047,3.057241608189604,-1.5837378905772022,3.447034470302935,117.35158346216447,93.08188039616545,"[[0.5773502691896258, 0.5773502691896258, 0.5773502691896258], [0.5773502691896258, -0.5773502691896258, -0.5773502691896258], [-0.5773502691896258, 0.5773502691896258, -0.5773502691896258], [-0.5773502691896258, -0.5773502691896258, 0.5773502691896258]]"
2026-08-08T20:10:39.592707,-0.043456313705581964,2.5702365528160285,-0.3915539996633927,2.6002536267227665,98.66071393657421,90.96863697324805,"[[0.5773502691896258, 0.5773502691896258, 0.5773502691896258], [0.5773502691896258, -0.5773502691896258, -0.5773502691896258], [-0.5773502691896258, 0.5773502691896258, -0.5773502691896258], [-0.5773502691896258, -0.5773502691896258, 0.5773502691896258]]"
2026-08-08T20:10:49.592707,-0.7966171968083012,3.967833415197738,0.053205031982712286,4.047361084019901,89.24679031022684,101.35228161136264,"[[0.5773502691896258, 0.5773502691896258, 0.5773502691896258], [0.5773502691896258, -0.5773502691896258, -0.5773502691896258], [-0.5773502691896258, 0.5773502691896258, -0.5773502691896258], [-0.5773502691896258, -0.5773502691896258, 0.5773502691896258]]"
2026-08-08T20:10:59.592707,0.20392857843328813,3.2589636670831643,-0.37414683301176815,3.286703044256159,96.53652179515868,86.41940397351051,"[[0.5773502691896258, 0.5773502691896258, 0.5773502691896258], [0.5773502691896258, -0.5773502691896258, -0.5773502691896258], [-0.5773502691896258, 0.5773502691896258, -0.5773502691896258], [-0.5773502691896258, -0.5773502691896258, 0.5773502691896258]]"
2026-08-08T20:11:09.592707,0.6102763496412449,3.308262074210048,-0.4578065954343267,3.395087930144252,97.7495883399965,79.54812564151969,"[[0.5773502691896258, 0.5773502691896258, 0.5773502691896258], [0.5773502691896258, -0.5773502691896258, -0.5773502691896258], [-0.5773502691896258, 0.5773502691896258, -0.5773502691896258], [-0.5773502691896258, -0.5773502691896258, 0.5773502691896258]]"
2026-08-08T20:11:19.592707,0.7716953384556873,3.3465230523694918,-0.5384914264589987,3.4763059778742873,98.9111906623475,77.01479884273631,"[[0.5773502691896258, 0.5773502691896258, 0.5773502691896258], [0.5773502691896258, -0.5773502691896258, -0.5773502691896258], [-0.5773502691896258, 0.5773502691896258, -0.5773502691896258], [-0.5773502691896258, -0.5773502691896258, 0.5773502691896258]]"
2026-08-08T20:11:29.592707,-0.26151206093834556,3.516676834501569,-1.7470008640881232,3.9354055109303343,116.35419067922834,94.25288137988801,"[[0.5773502691896258, 0.5773502691896258, 0.5773502691896258], [0.5773502691896258, -0.5773502691896258, -0.5773502691896258], [-0.5773502691896258, 0.5773502691896258, -0.5773502691896258], [-0.5773502691896258, -0.5773502691896258, 0.5773502691896258]]"
2026-08-08T20:11:39.592707,-0.639589786143517,2.6260127242382953,-0.5903659971051296,2.7665050032375644,102.3215449252192,103.68840230257544,"[[0.5773502691896258, 0.5773502691896258, 0.5773502691896258], [0.5773502691896258, -0.5773502691896258, -0.5773502691896258], [-0.5773502691896258, 0.5773502691896258, -0.5773502691896258], [-0.5773502691896258, -0.5773502691896258, 0.5773502691896258]]"
2026-08-08T20:11:49.592707,0.322667060490059,4.562947314206567,-0.6756353844161722,4.623968576539573,98.40190450276359,85.95508434644245,"[[0.5773502691896258, 0.5773502691896258, 0.5773502691896258], [0.5773502691896258, -0.5773502691896258, -0.5773502691896258], [-0.5773502691896258, 0.5773502691896258, -0.5773502691896258], [-0.5773502691896258, -0.5773502691896258, 0.5773502691896258]]"
2026-08-08T20:11:59.592707,-0.056313698165291574,2.8192031603428496,-0.8469635685044204,2.944218908006316,106.71851596635621,91.14433335271958,"[[0.5773502691896258, 0.5773502691896258, 0.5773502691896258], [0.5773502691896258, -0.5773502691896258, -0.5773502691896258], [-0.5773502691896258, 0.5773502691896258, -0.5773502691896258], [-0.5773502691896258, -0.5773502691896258, 0.5773502691896258]]"
2026-08-08T20:12:09.592707,-0.6133685356685735,3.764341301741684,0.41103357680116254,3.836070254544935,83.84896884192933,99.25454638491125,"[[0.5773502691896258, 0.5773502691896258, 0.5773502691896258], [0.5773502691896258, -0.5773502691896258, -0.5773502691896258], [-0.5773502691896258, 0.5773502691896258, -0.5773502691896258], [-0.5773502691896258, -0.5773502691896258, 0.5773502691896258]]"
2026-08-08T20:12:19.592707,0.5479063286104401,4.557425510226384,-0.33701463992588554,4.602597907021421,94.19910961664722,83.14464420742601,"[[0.5773502691896258, 0.5773502691896258, 0.5773502691896258], [0.5773502691896258, -0.5773502691896258, -0.5773502691896258], [-0.5773502691896258, 0.5773502691896258, -0.5773502691896258], [-0.5773502691896258, -0.5773502691896258, 0.5773502691896258]]"
2026-08-08T20:12:29.592707,0.08746280256753512,2.1574327518036114,1.142464229520737,2.442824254039222,62.11608361913439,87.67848763497838,"[[0.5773502691896258, 0.5773502691896258, 0.5773502691896258], [0.5773502691896258, -0.5773502691896258, -0.5773502691896258], [-0.5773502691896258, 0.5773502691896258, -0.5773502691896258], [-0.5773502691896258, -0.5773502691896258, 0.5773502691896258]]"
2026-08-08T20:12:39.592707,0.2168216230948914,2.8845364226110526,-0.6100653086172522,2.956305408848946,101.90916582694,85.70133835837004,"[[0.5773502691896258, 0.5773502691896258, 0.5773502691896258], [0.5773502691896258, -0.5773502691896258, -0.5773502691896258], [-0.5773502691896258, 0.5773502691896258, -0.5773502691896258], [-0.5773502691896258, -0.5773502691896258, 0.5773502691896258]]"
2026-08-08T20:12:49.592707,-0.5546756511853563,3.19858694791622,1.4913538491419513,3.572500503113808,65.32606179411368,99.83797955253675,"[[0.5773502691896258, 0.5773502691896258, 0.5773502691896258], [0.5773502691896258, -0.5773502691896258, -0.5773502691896258], [-0.5773502691896258, 0.5773502691896258, -0.5773502691896258], [-0.5773502691896258, -0.5773502691896258, 0.5773502691896258]]"
2026-08-08T20:12:59.592707,-0.8560911566076242,2.426896570394105,-0.20050622515755412,2.581263601056541,94.4550834809011,109.43036516735448,"[[0.5773502691896258, 0.5773502691896258, 0.5773502691896258], [0.5773502691896258, -0.5773502691896258, -0.5773502691896258], [-0.5773502691896258, 0.5773502691896258, -0.5773502691896258], [-0.5773502691896258, -0.5773502691896258, 0.5773502691896258]]"
2026-08-08T20:13:09.592707,1.3653231103326218,2.6147228969077236,0.01589100334553841,2.949768727749549,89.69133450380667,62.42790318880193,"[[0.5773502691896258, 0.5773502691896258, 0.5773502691896258], [0.5773502691896258, -0.5773502691896258, -0.5773502691896258], [-0.5773502691896258, 0.5773502691896258, -0.5773502691896258], [-0.5773502691896258, -0.5773502691896258, 0.5773502691896258]]"
2026-08-08T20:13:19.592707,-0.4113118689780507,3.9705525353751723,-0.26262799060426817,4.000429770810289,93.76417190504739,95.91420850519442,"[[0.5773502691896258, 0.5773502691896258, 0.5773502691896258], [0.5773502691896258, -0.5773502691896258, -0.5773502691896258], [-0.5773502691896258, 0.5773502691896258, -0.5773502691896258], [-0.5773502691896258, -0.5773502691896258, 0.5773502691896258]]"
2026-08-08T20:13:29.592707,0.911656309824941,2.417583775029276,-0.07550997159334384,2.5848656236521195,91.67398189316208,69.33884217401754,"[[0.5773502691896258, 0.5773502691896258, 0.5773502691896258], [0.5773502691896258, -0.5773502691896258, -0.5773502691896258], [-0.5773502691896258, 0.5773502691896258, -0.5773502691896258], [-0.5773502691896258, -0.5773502691896258, 0.5773502691896258]]"
2026-08-08T20:13:39.592707,-0.03560459654037468,3.7857550348156916,-1.5152505113003718,4.077890751715058,111.81290938143317,90.53884441818833,"[[0.5773502691896258, 0.5773502691896258, 0.5773502691896258], [0.5773502691896258, -0.5773502691896258, -0.5773502691896258], [-0.5773502691896258, 0.5773502691896258, -0.5773502691896258], [-0.5773502691896258, -0.5773502691896258, 0.5773502691896258]]"
2026-08-08T20:13:49.592707,0.4284977566820706,3.424763371195029,-0.25084206748705073,3.460568771023325,94.15677546046298,82.8683562917717,"[[0.5773502691896258, 0.5773502691896258, 0.5773502691896258], [0.5773502691896258, -0.5773502691896258, -0.5773502691896258], [-0.5773502691896258, 0.5773502691896258, -0.5773502691896258], [-0.5773502691896258, -0.5773502691896258, 0.5773502691896258]]"
2026-08-08T20:13:59.592707,0.3784714932264048,4.6678553798252445,-1.0404283547672497,4.797354028998922,102.52557963171522,85.36457641577371,"[[0.5773502691896258, 0.5773502691896258, 0.5773502691896258], [0.5773502691896258, -0.5773502691896258, -0.5773502691896258], [-0.5773502691896258, 0.5773502691896258, -0.5773502691896258], [-0.5773502691896258, -0.5773502691896258, 0.5773502691896258]]"
2026-08-08T20:14:09.592707,0.6943254103118838,4.544356851343976,-0.6220558253268358,4.638989159028586,97.70617391059692,81.31304578961411,"[[0.5773502691896258, 0.5773502691896258, 0.5773502691896258], [0.5773502691896258, -0.5773502691896258, -0.5773502691896258], [-0.5773502691896258, 0.5773502691896258, -0.5773502691896258], [-0.5773502691896258, -0.5773502691896258, 0.5773502691896258]]"
2026-08-08T20:14:19.592707,0.2563704473354099,3.5594701927576655,-0.31767247962027984,3.5828019291757323,95.08686390408192,85.88039158944635,"[[0.5773502691896258, 0.5773502691896258, 0.5773502691896258], [0.5773502691896258, -0.5773502691896258, -0.5773502691896258], [-0.5773502691896258, 0.5773502691896258, -0.5773502691896258], [-0.5773502691896258, -0.5773502691896258, 0.5773502691896258]]"
2026-08-08T20:14:29.592707,0.13405348566126835,3.7173267177073974,-0.9769086171996179,3.845885945989306,104.715163947879,87.93470612821868,"[[0.5773502691896258, 0.5773502691896258, 0.5773502691896258], [0.5773502691896258, -0.5773502691896258, -0.5773502691896258], [-0.5773502691896258, 0.5773502691896258, -0.5773502691896258], [-0.5773502691896258, -0.5773502691896258, 0.5773502691896258]]"
2026-08-08T20:14:39.592707,0.7809609083402413,2.349482719426164,0.371304565532647,2.50356467254656,81.47097815877196,71.61335006291365,"[[0.5773502691896258, 0.5773502691896258, 0.5773502691896258], [0.5773502691896258, -0.5773502691896258, -0.5773502691896258], [-0.5773502691896258, 0.5773502691896258, -0.5773502691896258], [-0.5773502691896258, -0.5773502691896258, 0.5773502691896258]]"
2026-08-08T20:14:49.592707,1.182472088013687,6.304610526948701,0.3251163582787085,6.422776251891719,87.09848846142087,79.37720516399216,"[[0.5773502691896258, 0.5773502691896258, 0.5773502691896258], [0.5773502691896258, -0.5773502691896258, -0.5773502691896258], [-0.5773502691896258, 0.5773502691896258, -0.5773502691896258], [-0.5773502691896258, -0.5773502691896258, 0.5773502691896258]]"
2026-08-08T20:14:59.592707,0.30439926271386064,4.562400179700661,-0.2523434771974808,4.579501232815368,93.15875946829243,86.18293389924405,"[[0.5773502691896258, 0.5773502691896258, 0.5773502691896258], [0.5773502691896258, -0.5773502691896258, -0.5773502691896258], [-0.5773502691896258, 0.5773502691896258, -0.5773502691896258], [-0.5773502691896258, -0.5773502691896258, 0.5773502691896258]]"
2026-08-08T20:15:09.592707,-0.9716559224020593,3.9650662551251217,1.3760027926023395,4.308044721717776,71.37316990022875,103.76922727791012,"[[0.5773502691896258, 0.5773502691896258, 0.5773502691896258], [0.5773502691896258, -0.5773502691896258, -0.5773502691896258], [-0.5773502691896258, 0.5773502691896258, -0.5773502691896258], [-0.5773502691896258, -0.5773502691896258, 0.5773502691896258]]"
2026-08-08T20:15:19.592707,0.21694025614838752,3.3612628596929426,0.7050373335617707,3.441253947096145,78.17764079341514,86.30717811697104,"[[0.5773502691896258, 0.5773502691896258, 0.5773502691896258], [0.5773502691896258, -0.5773502691896258, -0.5773502691896258], [-0.5773502691896258, 0.5773502691896258, -0.5773502691896258], [-0.5773502691896258, -0.5773502691896258, 0.5773502691896258]]"
2026-08-08T20:15:29.592707,0.4670392725974796,3.867849761712641,0.5831240272953184,3.9393427234169445,81.48746879538464,83.11492088796975,"[[0.5773502691896258, 0.5773502691896258, 0.5773502691896258], [0.5773502691896258, -0.5773502691896258, -0.5773502691896258], [-0.5773502691896258, 0.5773502691896258, -0.5773502691896258], [-0.5773502691896258, -0.5773502691896258, 0.5773502691896258]]"
2026-08-08T20:15:39.592707,0.04049279791213995,3.021833271215031,-0.5577274133757726,3.0731377862594638,100.45624989473588,89.2322781032299,"[[0.5773502691896258, 0.5773502691896258, 0.5773502691896258], [0.5773502691896258, -0.5773502691896258, -0.5773502691896258], [-0.5773502691896258, 0.5773502691896258, -0.5773502691896258], [-0.5773502691896258, -0.5773502691896258, 0.5773502691896258]]"
2026-08-08T20:15:49.592707,-1.1793357182509723,2.5521227979031313,-1.1465885242660896,3.036252419661141,112.18713015090408,114.80165446148528,"[[0.5773502691896258, 0.5773502691896258, 0.5773502691896258], [0.5773502691896258, -0.5773502691896258, -0.5773502691896258], [-0.5773502691896258, 0.5773502691896258, -0.5773502691896258], [-0.5773502691896258, -0.5773502691896258, 0.5773502691896258]]"
2026-08-08T20:15:59.592707,-0.9610248371061989,4.6007651949550175,0.20241832919469546,4.704421568762567,87.53395878005834,101.7985073437857,"[[0.5773502691896258, 0.5773502691896258, 0.5773502691896258], [0.5773502691896258, -0.5773502691896258, -0.5773502691896258], [-0.5773502691896258, 0.5773502691896258, -0.5773502691896258], [-0.5773502691896258, -0.5773502691896258, 0.5773502691896258]]"
2026-08-08T20:16:09.592707,0.21774809299936423,3.123479520166973,-0.3794727805593508,3.1539718033128974,96.91033119760118,86.01217347278399,"[[0.5773502691896258, 0.5773502691896258, 0.5773502691896258], [0.5773502691896258, -0.5773502691896258, -0.5773502691896258], [-0.5773502691896258, 0.5773502691896258, -0.5773502691896258], [-0.5773502691896258, -0.5773502691896258, 0.5773502691896258]]"
2026-08-08T20:16:19.592707,-1.3260154743183203,3.0245036465322124,-0.4808548731926983,3.337238492390296,98.28445096788722,113.67380637378577,"[[0.5773502691896258, 0.5773502691896258, 0.5773502691896258], [0.5773502691896258, -0.5773502691896258, -0.5773502691896258], [-0.5773502691896258, 0.5773502691896258, -0.5773502691896258], [-0.5773502691896258, -0.5773502691896258, 0.5773502691896258]]"
2026-08-08T20:16:29.592707,0.20970836812088142,2.8883166273031016,-0.968061204351542,3.053439541662164,108.48398566036717,85.84728440226004,"[[0.5773502691896258, 0.5773502691896258, 0.5773502691896258], [0.5773502691896258, -0.5773502691896258, -0.5773502691896258], [-0.5773502691896258, 0.5773502691896258, -0.5773502691896258], [-0.5773502691896258, -0.5773502691896258, 0.5773502691896258]]"
2026-08-08T20:16:39.592707,-0.08057869667626665,2.466433533744637,-0.2802745033622108,2.483614523224777,96.47959941923112,91.87119484816543,"[[0.5773502691896258, 0.5773502691896258, 0.5773502691896258], [0.5773502691896258, -0.5773502691896258, -0.5773502691896258], [-0.5773502691896258, 0.5773502691896258, -0.5773502691896258], [-0.5773502691896258, -0.5773502691896258, 0.5773502691896258]]"
2026-08-08T20:16:49.592707,-0.4550291635440151,4.708102439090751,0.39574463002727084,4.7465665410740066,85.21741679595111,95.52038256852101,"[[0.5773502691896258, 0.5773502691896258, 0.5773502691896258], [0.5773502691896258, -0.5773502691896258, -0.5773502691896258], [-0.5773502691896258, 0.5773502691896258, -0.5773502691896258], [-0.5773502691896258, -0.5773502691896258, 0.5773502691896258]]"
2026-08-08T20:16:59.592707,-0.4569829583783162,3.426818991600491,1.377147747058327,3.7213516015917967,68.28027837291421,97.59585506893816,"[[0.5773502691896258, 0.5773502691896258, 0.5773502691896258], [0.5773502691896258, -0.5773502691896258, -0.5773502691896258], [-0.5773502691896258, 0.5773502691896258, -0.5773502691896258], [-0.5773502691896258, -0.5773502691896258, 0.5773502691896258]]"
2026-08-08T20:17:09.592707,-0.3649447563269916,3.805198073332836,-0.6688552663278067,3.8807324591835672,99.92464649695843,95.47830494999918,"[[0.5773502691896258, 0.5773502691896258, 0.5773502691896258], [0.5773502691896258, -0.5773502691896258, -0.5773502691896258], [-0.5773502691896258, 0.5773502691896258, -0.5773502691896258], [-0.5773502691896258, -0.5773502691896258, 0.5773502691896258]]"
2026-08-08T20:17:19.592707,-0.34766085374161604,3.1209481513375,0.0791745514052639,3.1412503946918227,88.55571905473599,96.35630991648584,"[[0.5773502691896258, 0.5773502691896258, 0.5773502691896258], [0.5773502691896258, -0.5773502691896258, -0.5773502691896258], [-0.5773502691896258, 0.5773502691896258, -0.5773502691896258], [-0.5773502691896258, -0.5773502691896258, 0.5773502691896258]]"
2026-08-08T20:17:29.592707,-0.1717842510913698,3.013499690695066,-1.4730429440063848,3.3586523680829607,116.01341309044199,93.26260927421123,"[[0.5773502691896258, 0.5773502691896258, 0.5773502691896258], [0.5773502691896258, -0.5773502691896258, -0.5773502691896258], [-0.5773502691896258, 0.5773502691896258, -0.5773502691896258], [-0.5773502691896258, -0.5773502691896258, 0.5773502691896258]]"
2026-08-08T20:17:39.592707,-0.19064105264032566,4.412777399287491,0.9261523248255886,4.512948760554913,78.15755745800824,92.47375717127365,"[[0.5773502691896258, 0.5773502691896258, 0.5773502691896258], [0.5773502691896258, -0.5773502691896258, -0.5773502691896258], [-0.5773502691896258, 0.5773502691896258, -0.5773502691896258], [-0.5773502691896258, -0.5773502691896258, 0.5773502691896258]]"
2026-08-08T20:17:49.592707,-0.07690357465236983,3.171405309587553,-0.0012790459638718239,3.172337849825112,90.02310092461389,91.38909615208632,"[[0.5773502691896258, 0.5773502691896258, 0.5773502691896258], [0.5773502691896258, -0.5773502691896258, -0.5773502691896258], [-0.5773502691896258, 0.5773502691896258, -0.5773502691896258], [-0.5773502691896258, -0.5773502691896258, 0.5773502691896258]]"
2026-08-08T20:17:59.592707,-1.1253606028070167,3.300678167116058,0.41201706079263445,3.511505504425558,83.26176666187138,108.82672249513385,"[[0.5773502691896258, 0.5773502691896258, 0.5773502691896258], [0.5773502691896258, -0.5773502691896258, -0.5773502691896258], [-0.5773502691896258, 0.5773502691896258, -0.5773502691896258], [-0.5773502691896258, -0.5773502691896258, 0.5773502691896258]]"
2026-08-08T20:18:09.592707,-0.08746405798617769,3.4879104864999997,1.6759702444628597,3.870664772826623,64.34235438481916,91.43646787537683,"[[0.5773502691896258, 0.5773502691896258, 0.5773502691896258], [0.5773502691896258, -0.5773502691896258, -0.5773502691896258], [-0.5773502691896258, 0.5773502691896258, -0.5773502691896258], [-0.5773502691896258, -0.5773502691896258, 0.5773502691896258]]"
2026-08-08T20:18:19.592707,-0.8984596352289027,4.251079493793031,0.7106206657536962,4.402713743735731,80.71153452533667,101.93376363049397,"[[0.5773502691896258, 0.5773502691896258, 0.5773502691896258], [0.5773502691896258, -0.5773502691896258, -0.5773502691896258], [-0.5773502691896258, 0.5773502691896258, -0.5773502691896258], [-0.5773502691896258, -0.5773502691896258, 0.5773502691896258]]"
2026-08-08T20:18:29.592707,-0.06303394079900117,3.4356437014188725,-0.3761308186415422,3.4567463478716194,96.24675932906004,91.0510908385896,"[[0.5773502691896258, 0.5773502691896258, 0.5773502691896258], [0.5773502691896258, -0.5773502691896258, -0.5773502691896258], [-0.5773502691896258, 0.5773502691896258, -0.5773502691896258], [-0.5773502691896258, -0.5773502691896258, 0.5773502691896258]]"
2026-08-08T20:18:39.592707,-0.5594955517756314,3.098672355422378,0.3101726847147383,3.1640184470161885,84.37418763903217,100.2350363227151,"[[0.5773502691896258, 0.5773502691896258, 0.5773502691896258], [0.5773502691896258, -0.5773502691896258, -0.5773502691896258], [-0.5773502691896258, 0.5773502691896258, -0.5773502691896258], [-0.5773502691896258, -0.5773502691896258, 0.5773502691896258]]"
2026-08-08T20:18:49.592707,-1.0120960012738762,4.405252081347782,0.5436302346011778,4.552594650085385,83.14188455607675,102.9390277424588,"[[0.5773502691896258, 0.5773502691896258, 0.5773502691896258], [0.5773502691896258, -0.5773502691896258, -0.5773502691896258], [-0.5773502691896258, 0.5773502691896258, -0.5773502691896258], [-0.5773502691896258, -0.5773502691896258, 0.5773502691896258]]"
2026-08-08T20:18:59.592707,1.2293509238374771,2.490839307760567,-0.06166926167126891,2.7783785287214338,91.2718492382187,63.73140923791034,"[[0.5773502691896258, 0.5773502691896258, 0.5773502691896258], [0.5773502691896258, -0.5773502691896258, -0.5773502691896258], [-0.5773502691896258, 0.5773502691896258, -0.5773502691896258], [-0.5773502691896258, -0.5773502691896258, 0.5773502691896258]]"
2026-08-08T20:19:09.592707,0.8361504023120876,2.546733041095868,-0.019117606337903967,2.680552584966049,90.40863493959962,71.82381500106038,"[[0.5773502691896258, 0.5773502691896258, 0.5773502691896258], [0.5773502691896258, -0.5773502691896258, -0.5773502691896258], [-0.5773502691896258, 0.5773502691896258, -0.5773502691896258], [-0.5773502691896258, -0.5773502691896258, 0.5773502691896258]]"
2026-08-08T20:19:19.592707,0.5208796456226175,2.1217776047228774,-1.2230621708649838,2.503824451300143,119.24056798437077,76.20710352798419,"[[0.5773502691896258, 0.5773502691896258, 0.5773502691896258], [0.5773502691896258, -0.5773502691896258, -0.5773502691896258], [-0.5773502691896258, 0.5773502691896258, -0.5773502691896258], [-0.5773502691896258, -0.5773502691896258, 0.5773502691896258]]"
2026-08-08T20:19:29.592707,-0.4377770921050149,4.569297467674744,-0.32253818999673356,4.601538765943097,94.01936046674635,95.47271277975639,"[[0.5773502691896258, 0.5773502691896258, 0.5773502691896258], [0.5773502691896258, -0.5773502691896258, -0.5773502691896258], [-0.5773502691896258, 0.5773502691896258, -0.5773502691896258], [-0.5773502691896258, -0.5773502691896258, 0.5773502691896258]]"
2026-08-08T20:19:39.592707,0.9908615511561127,3.3344817215596145,-0.2457228351379507,3.4872560383033107,94.04058598525513,73.4503624633069,"[[0.5773502691896258, 0.5773502691896258, 0.5773502691896258], [0.5773502691896258, -0.5773502691896258, -0.5773502691896258], [-0.5773502691896258, 0.5773502691896258, -0.5773502691896258], [-0.5773502691896258, -0.5773502691896258, 0.5773502691896258]]"
2026-08-08T20:19:49.592707,0.20545292840787727,2.6534085411820487,0.10339777986820647,2.66335857388578,87.77508533305597,85.57243268774414,"[[0.5773502691896258, 0.5773502691896258, 0.5773502691896258], [0.5773502691896258, -0.5773502691896258, -0.5773502691896258], [-0.5773502691896258, 0.5773502691896258, -0.5773502691896258], [-0.5773502691896258, -0.5773502691896258, 0.5773502691896258]]"
2026-08-08T20:19:59.592707,0.6602871621356449,1.8807339811534984,-1.090074230056502,2.2718717550469054,118.67320750475484,70.65487096326804,"[[0.5773502691896258, 0.5773502691896258, 0.5773502691896258], [0.5773502691896258, -0.5773502691896258, -0.5773502691896258], [-0.5773502691896258, 0.5773502691896258, -0.5773502691896258], [-0.5773502691896258, -0.5773502691896258, 0.5773502691896258]]"
2026-08-08T20:20:09.592707,-0.7032729496669107,2.554851971887224,-1.1250355267265344,2.8788133625482017,113.00418450898519,105.39060843336793,"[[0.5773502691896258, 0.5773502691896258, 0.5773502691896258], [0.5773502691896258, -0.5773502691896258, -0.5773502691896258], [-0.5773502691896258, 0.5773502691896258, -0.5773502691896258], [-0.5773502691896258, -0.5773502691896258, 0.5773502691896258]]"
2026-08-08T20:20:19.592707,-1.5994051206028432,4.082391476814512,0.43730552451573734,4.406274280109029,84.30424094609224,111.39432291522294,"[[0.5773502691896258, 0.5773502691896258, 0.5773502691896258], [0.5773502691896258, -0.5773502691896258, -0.5773502691896258], [-0.5773502691896258, 0.5773502691896258, -0.5773502691896258], [-0.5773502691896258, -0.5773502691896258, 0.5773502691896258]]"
2026-08-08T20:20:29.592707,0.1980694593505314,3.226923058299151,-1.643528613733042,3.626768567067578,116.94700064856113,86.48757532553674,"[[0.5773502691896258, 0.5773502691896258, 0.5773502691896258], [0.5773502691896258, -0.5773502691896258, -0.5773502691896258], [-0.5773502691896258, 0.5773502691896258, -0.5773502691896258], [-0.5773502691896258, -0.5773502691896258, 0.5773502691896258]]"
2026-08-08T20:20:39.592707,-0.6306353243286362,3.5719848831680836,0.4480428485526519,3.6547940177267946,82.95837141323315,100.01241395750237,"[[0.5773502691896258, 0.5773502691896258, 0.5773502691896258], [0.5773502691896258, -0.5773502691896258, -0.5773502691896258], [-0.5773502691896258, 0.5773502691896258, -0.5773502691896258], [-0.5773502691896258, -0.5773502691896258, 0.5773502691896258]]"
2026-08-08T20:20:49.592707,-0.3334384611940594,3.3951205884295024,-1.5355276536738849,3.7411054773393624,114.23295357169485,95.60909255193035,"[[0.5773502691896258, 0.5773502691896258, 0.5773502691896258], [0.5773502691896258, -0.5773502691896258, -0.5773502691896258], [-0.5773502691896258, 0.5773502691896258, -0.5773502691896258], [-0.5773502691896258, -0.5773502691896258, 0.5773502691896258]]"
2026-08-08T20:20:59.592707,-0.006477365320413051,3.7917143095751262,-0.307798876880315,3.80419235979295,94.64089975029792,90.0978779791696,"[[0.5773502691896258, 0.5773502691896258, 0.5773502691896258], [0.5773502691896258, -0.5773502691896258, -0.5773502691896258], [-0.5773502691896258, 0.5773502691896258, -0.5773502691896258], [-0.5773502691896258, -0.5773502691896258, 0.5773502691896258]]"
2026-08-08T20:21:09.592707,1.67371460524155,3.911501506341117,-0.009468192539648394,4.254556881812449,90.12750750195359,66.83412703101808,"[[0.5773502691896258, 0.5773502691896258, 0.5773502691896258], [0.5773502691896258, -0.5773502691896258, -0.5773502691896258], [-0.5773502691896258, 0.5773502691896258, -0.5773502691896258], [-0.5773502691896258, -0.5773502691896258, 0.5773502691896258]]"
2026-08-08T20:21:19.592707,0.3041303957439835,3.1807496940507,0.27859990514715055,3.2073792761329325,85.01688485045241,84.53821399625224,"[[0.5773502691896258, 0.5773502691896258, 0.5773502691896258], [0.5773502691896258, -0.5773502691896258, -0.5773502691896258], [-0.5773502691896258, 0.5773502691896258, -0.5773502691896258], [-0.5773502691896258, -0.5773502691896258, 0.5773502691896258]]"
2026-08-08T20:21:29.592707,-0.5709992613686444,3.700209756437327,0.8235021922700474,3.83350339230202,77.5952011171676,98.77242327519653,"[[0.5773502691896258, 0.5773502691896258, 0.5773502691896258], [0.5773502691896258, -0.5773502691896258, -0.5773502691896258], [-0.5773502691896258, 0.5773502691896258, -0.5773502691896258], [-0.5773502691896258, -0.5773502691896258, 0.5773502691896258]]"
2026-08-08T20:21:39.592707,-0.28578901199980516,3.372156266814433,0.9226869402814976,3.5077720047006635,74.74943436703725,94.84422064564724,"[[0.5773502691896258, 0.5773502691896258, 0.5773502691896258], [0.5773502691896258, -0.5773502691896258, -0.5773502691896258], [-0.5773502691896258, 0.5773502691896258, -0.5773502691896258], [-0.5773502691896258, -0.5773502691896258, 0.5773502691896258]]"
2026-08-08T20:21:49.592707,-0.8632057393172415,2.942827800297588,1.2698497678286857,3.319318912585703,67.50744679638159,106.34774579970758,"[[0.5773502691896258, 0.5773502691896258, 0.5773502691896258], [0.5773502691896258, -0.5773502691896258, -0.5773502691896258], [-0.5773502691896258, 0.5773502691896258, -0.5773502691896258], [-0.5773502691896258, -0.5773502691896258, 0.5773502691896258]]"
2026-08-08T20:21:59.592707,1.0672805755827146,3.1492271984374414,-0.6108679035387986,3.3808104605209963,100.40976788808315,71.27835825273826,"[[0.5773502691896258, 0.5773502691896258, 0.5773502691896258], [0.5773502691896258, -0.5773502691896258, -0.5773502691896258], [-0.5773502691896258, 0.5773502691896258, -0.5773502691896258], [-0.5773502691896258, -0.5773502691896258, 0.5773502691896258]]"
2026-08-08T20:22:09.592707,0.4005209390420179,4.799166056658101,0.5051945845131272,4.842275645831385,84.01143402298239,85.22935797924768,"[[0.5773502691896258, 0.5773502691896258, 0.5773502691896258], [0.5773502691896258, -0.5773502691896258, -0.5773502691896258], [-0.5773502691896258, 0.5773502691896258, -0.5773502691896258], [-0.5773502691896258, -0.5773502691896258, 0.5773502691896258]]"
2026-08-08T20:22:19.592707,-0.37490338976102183,3.3575383297626686,1.3274734991662172,3.629848767988605,68.54869061080596,96.37126648535344,"[[0.5773502691896258, 0.5773502691896258, 0.5773502691896258], [0.5773502691896258, -0.5773502691896258, -0.5773502691896258], [-0.5773502691896258, 0.5773502691896258, -0.5773502691896258], [-0.5773502691896258, -0.5773502691896258, 0.5773502691896258]]"
2026-08-08T20:22:29.592707,0.6993553993617976,3.7240421224918165,-0.19231650302418668,3.7940180998573667,92.90553387644242,79.3640335947194,"[[0.5773502691896258, 0.5773502691896258, 0.5773502691896258], [0.5773502691896258, -0.5773502691896258, -0.5773502691896258], [-0.5773502691896258, 0.5773502691896258, -0.5773502691896258], [-0.5773502691896258, -0.5773502691896258, 0.5773502691896258]]"
2026-08-08T20:22:39.592707,0.4186936206946854,2.357776378605363,-0.28422148628416005,2.4114716777904364,96.76874316196768,79.93039431948839,"[[0.5773502691896258, 0.5773502691896258, 0.5773502691896258], [0.5773502691896258, -0.5773502691896258, -0.5773502691896258], [-0.5773502691896258, 0.5773502691896258, -0.5773502691896258], [-0.5773502691896258, -0.5773502691896258, 0.5773502691896258]]"
2026-08-08T20:22:49.592707,0.8814480722786097,2.918791495894916,0.16776975929947952,3.0535947983921448,86.85048528352306,73.1961688336558,"[[0.5773502691896258, 0.5773502691896258, 0.5773502691896258], [0.5773502691896258, -0.5773502691896258, -0.5773502691896258], [-0.5773502691896258, 0.5773502691896258, -0.5773502691896258], [-0.5773502691896258, -0.5773502691896258, 0.5773502691896258]]"
2026-08-08T20:22:59.592707,0.020073897174297247,3.4004317642353117,-0.25135037605610133,3.4097677569171454,94.22738181508814,89.66176759134827,"[[0.5773502691896258, 0.5773502691896258, 0.5773502691896258], [0.5773502691896258, -0.5773502691896258, -0.5773502691896258], [-0.5773502691896258, 0.5773502691896258, -0.5773502691896258], [-0.5773502691896258, -0.5773502691896258, 0.5773502691896258]]"
2026-08-08T20:23:09.592707,-0.3160026827700496,3.179175744961058,-0.7786450396000391,3.288358893211067,103.69706270121574,95.67642220789662,"[[0.5773502691896258, 0.5773502691896258, 0.5773502691896258], [0.5773502691896258, -0.5773502691896258, -0.5773502691896258], [-0.5773502691896258, 0.5773502691896258, -0.5773502691896258], [-0.5773502691896258, -0.5773502691896258, 0.5773502691896258]]"
2026-08-08T20:23:19.592707,-1.9461971500051864,2.543782112401783,-1.3530736496044402,3.4769698134032554,112.90181429004816,127.41888470609436,"[[0.5773502691896258, 0.5773502691896258, 0.5773502691896258], [0.5773502691896258, -0.5773502691896258, -0.5773502691896258], [-0.5773502691896258, 0.5773502691896258, -0.5773502691896258], [-0.5773502691896258, -0.5773502691896258, 0.5773502691896258]]"
2026-08-08T20:23:29.592707,0.36013954651219476,3.3880876724987288,0.5603895502964236,3.4529516384654575,80.6599902731771,83.93248176241993,"[[0.5773502691896258, 0.5773502691896258, 0.5773502691896258], [0.5773502691896258, -0.5773502691896258, -0.5773502691896258], [-0.5773502691896258, 0.5773502691896258, -0.5773502691896258], [-0.5773502691896258, -0.5773502691896258, 0.5773502691896258]]"
2026-08-08T20:23:39.592707,-0.6061880376592385,3.869852612306975,0.3555419863141754,3.933145469215766,84.81359090040532,98.90267767080891,"[[0.5773502691896258, 0.5773502691896258, 0.5773502691896258], [0.5773502691896258, -0.5773502691896258, -0.5773502691896258], [-0.5773502691896258, 0.5773502691896258, -0.5773502691896258], [-0.5773502691896258, -0.5773502691896258, 0.5773502691896258]]"
2026-08-08T20:23:49.592707,-0.20067074886057865,2.7528057938725015,-0.46525195381813145,2.7990476717551394,99.56799471268664,94.16930458728037,"[[0.5773502691896258, 0.5773502691896258, 0.5773502691896258], [0.5773502691896258, -0.5773502691896258, -0.5773502691896258], [-0.5773502691896258, 0.5773502691896258, -0.5773502691896258], [-0.5773502691896258, -0.5773502691896258, 0.5773502691896258]]"
2026-08-08T20:23:59.592707,0.12048109701767029,3.8284272711389185,0.5240931097034643,3.8660114656810594,82.20874854576739,88.19748936667447,"[[0.5773502691896258, 0.5773502691896258, 0.5773502691896258], [0.5773502691896258, -0.5773502691896258, -0.5773502691896258], [-0.5773502691896258, 0.5773502691896258, -0.5773502691896258], [-0.5773502691896258, -0.5773502691896258, 0.5773502691896258]]"
2026-08-08T20:24:09.592707,-1.367817228134672,4.130930713749727,-1.038187178779358,4.473627739269853,103.41887178541602,108.32053308219753,"[[0.5773502691896258, 0.5773502691896258, 0.5773502691896258], [0.5773502691896258, -0.5773502691896258, -0.5773502691896258], [-0.5773502691896258, 0.5773502691896258, -0.5773502691896258], [-0.5773502691896258, -0.5773502691896258, 0.5773502691896258]]"
2026-08-08T20:24:19.592707,-1.0380694679471925,2.355667915649847,-0.22998508014706018,2.5845024059181125,95.10528732836967,113.78159297515954,"[[0.5773502691896258, 0.5773502691896258, 0.5773502691896258], [0.5773502691896258, -0.5773502691896258, -0.5773502691896258], [-0.5773502691896258, 0.5773502691896258, -0.5773502691896258], [-0.5773502691896258, -0.5773502691896258, 0.5773502691896258]]"
2026-08-08T20:24:29.592707,0.15676964783005248,3.4514536125928155,-0.029794058182618564,3.4551405829956825,90.49407394689372,87.39933641335661,"[[0.5773502691896258, 0.5773502691896258, 0.5773502691896258], [0.5773502691896258, -0.5773502691896258, -0.5773502691896258], [-0.5773502691896258, 0.5773502691896258, -0.5773502691896258], [-0.5773502691896258, -0.5773502691896258, 0.5773502691896258]]"
2026-08-08T20:24:39.592707,-0.2062982666886116,3.303321856251605,0.6966713449517193,3.38228402469472,78.11332607064313,93.57358122342727,"[[0.5773502691896258, 0.5773502691896258, 0.5773502691896258], [0.5773502691896258, -0.5773502691896258, -0.5773502691896258], [-0.5773502691896258, 0.5773502691896258, -0.5773502691896258], [-0.5773502691896258, -0.5773502691896258, 0.5773502691896258]]"
2026-08-08T20:24:49.592707,-0.9963382904570212,3.819329068683248,-0.0409131861967184,3.947358409458715,90.5938642062007,104.6207556802225,"[[0.5773502691896258, 0.5773502691896258, 0.5773502691896258], [0.5773502691896258, -0.5773502691896258, -0.5773502691896258], [-0.5773502691896258, 0.5773502691896258, -0.5773502691896258], [-0.5773502691896258, -0.5773502691896258, 0.5773502691896258]]"
2026-08-08T20:24:59.592707,1.1457717491312907,2.104282227959707,-0.5655600754827904,2.461839717567849,103.28121539503539,61.43191638427962,"[[0.5773502691896258, 0.5773502691896258, 0.5773502691896258], [0.5773502691896258, -0.5773502691896258, -0.5773502691896258], [-0.5773502691896258, 0.5773502691896258, -0.5773502691896258], [-0.5773502691896258, -0.5773502691896258, 0.5773502691896258]]"
2026-08-08T20:25:09.592707,-0.6865235944057743,3.5298789126886003,0.33330088194212,3.6114331312960615,84.70460975122386,101.00601591532244,"[[0.5773502691896258, 0.5773502691896258, 0.5773502691896258], [0.5773502691896258, -0.5773502691896258, -0.5773502691896258], [-0.5773502691896258, 0.5773502691896258, -0.5773502691896258], [-0.5773502691896258, -0.5773502691896258, 0.5773502691896258]]"
2026-08-08T20:25:19.592707,1.6073151830936327,3.0404686208362177,-0.44647620856018183,3.468032949223996,97.39681524175977,62.137251238376706,"[[0.5773502691896258, 0.5773502691896258, 0.5773502691896258], [0.5773502691896258, -0.5773502691896258, -0.5773502691896258], [-0.5773502691896258, 0.5773502691896258, -0.5773502691896258], [-0.5773502691896258, -0.5773502691896258, 0.5773502691896258]]"
2026-08-08T20:25:29.592707,0.28397269811471965,3.6045460154478843,1.0293321578636574,3.759377230601902,74.10925273769689,85.49543809457698,"[[0.5773502691896258, 0.5773502691896258, 0.5773502691896258], [0.5773502691896258, -0.5773502691896258, -0.5773502691896258], [-0.5773502691896258, 0.5773502691896258, -0.5773502691896258], [-0.5773502691896258, -0.5773502691896258, 0.5773502691896258]]"
2026-08-08T20:25:39.592707,0.3696551706996206,3.8879183854856607,-0.03369934566533998,3.9055972607682765,90.49438129674645,84.56876330730125,"[[0.5773502691896258, 0.5773502691896258, 0.5773502691896258], [0.5773502691896258, -0.5773502691896258, -0.5773502691896258], [-0.5773502691896258, 0.5773502691896258, -0.5773502691896258], [-0.5773502691896258, -0.5773502691896258, 0.5773502691896258]]"
2026-08-08T20:25:49.592707,-1.2603891806942786,3.8446705766602856,-0.08960135048492084,4.046986673051599,91.26864730503691,108.15057239796394,"[[0.5773502691896258, 0.5773502691896258, 0.5773502691896258], [0.5773502691896258, -0.5773502691896258, -0.5773502691896258], [-0.5773502691896258, 0.5773502691896258, -0.5773502691896258], [-0.5773502691896258, -0.5773502691896258, 0.5773502691896258]]"
2026-08-08T20:25:59.592707,1.15521093912696,4.01901346790633,0.7821780940341188,4.254266580725508,79.40548046650188,73.9634202350618,"[[0.5773502691896258, 0.5773502691896258, 0.5773502691896258], [0.5773502691896258, -0.5773502691896258, -0.5773502691896258], [-0.5773502691896258, 0.5773502691896258, -0.5773502691896258], [-0.5773502691896258, -0.5773502691896258, 0.5773502691896258]]"
2026-08-08T20:26:09.592707,0.006722974456660137,4.968241403949465,-0.9794872637176738,5.063878271254991,101.1528073636869,89.92246797292903,"[[0.5773502691896258, 0.5773502691896258, 0.5773502691896258], [0.5773502691896258, -0.5773502691896258, -0.5773502691896258], [-0.5773502691896258, 0.5773502691896258, -0.5773502691896258], [-0.5773502691896258, -0.5773502691896258, 0.5773502691896258]]"
2026-08-08T20:26:19.592707,-0.3595106509148689,3.4579001930331397,1.4439903573239525,3.764495956319307,67.44430444349152,95.93559706133959,"[[0.5773502691896258, 0.5773502691896258, 0.5773502691896258], [0.5773502691896258, -0.5773502691896258, -0.5773502691896258], [-0.5773502691896258, 0.5773502691896258, -0.5773502691896258], [-0.5773502691896258, -0.5773502691896258, 0.5773502691896258]]"
2026-08-08T20:26:29.592707,-0.334083739388414,3.664322519175002,0.25648311331024576,3.6884488686804504,86.01261418171345,95.20937062687948,"[[0.5773502691896258, 0.5773502691896258, 0.5773502691896258], [0.5773502691896258, -0.5773502691896258, -0.5773502691896258], [-0.5773502691896258, 0.5773502691896258, -0.5773502691896258], [-0.5773502691896258, -0.5773502691896258, 0.5773502691896258]]"
2026-08-08T20:26:39.592707,-0.2604316755675421,4.169328480906754,-1.1673911515252577,4.33750236195885,105.61304018473037,93.57426251860399,"[[0.5773502691896258, 0.5773502691896258, 0.5773502691896258], [0.5773502691896258, -0.5773502691896258, -0.5773502691896258], [-0.5773502691896258, 0.5773502691896258, -0.5773502691896258], [-0.5773502691896258, -0.5773502691896258, 0.5773502691896258]]"
2026-08-08T20:26:49.592707,0.019999207348636028,3.170517264006632,1.0828295797571499,3.350387975810521,71.14372763297267,89.63859052581152,"[[0.5773502691896258, 0.5773502691896258, 0.5773502691896258], [0.5773502691896258, -0.5773502691896258, -0.5773502691896258], [-0.5773502691896258, 0.5773502691896258, -0.5773502691896258], [-0.5773502691896258, -0.5773502691896258, 0.5773502691896258]]"
2026-08-08T20:26:59.592707,-0.516850456062961,3.1119879580556438,-0.12977694765989958,3.1572845138124226,92.35574803182503,99.42982002431886,"[[0.5773502691896258, 0.5773502691896258, 0.5773502691896258], [0.5773502691896258, -0.5773502691896258, -0.5773502691896258], [-0.5773502691896258, 0.5773502691896258, -0.5773502691896258], [-0.5773502691896258, -0.5773502691896258, 0.5773502691896258]]"
2026-08-08T20:27:09.592707,-0.27390035933575296,3.388060957373865,0.009781473713619667,3.399128437548863,89.83512304845544,94.62190025335138,"[[0.5773502691896258, 0.5773502691896258, 0.5773502691896258], [0.5773502691896258, -0.5773502691896258, -0.5773502691896258], [-0.5773502691896258, 0.5773502691896258, -0.5773502691896258], [-0.5773502691896258, -0.5773502691896258, 0.5773502691896258]]"
2026-08-08T20:27:19.592707,-0.125670575933394,4.0841059312103285,-1.3193637651545638,4.293767005300316,107.89503687872929,91.76247200704803,"[[0.5773502691896258, 0.5773502691896258, 0.5773502691896258], [0.5773502691896258, -0.5773502691896258, -0.5773502691896258], [-0.5773502691896258, 0.5773502691896258, -0.5773502691896258], [-0.5773502691896258, -0.5773502691896258, 0.5773502691896258]]"
2026-08-08T20:27:29.592707,1.616395936971935,4.039737268204721,0.6593844270246169,4.400795478522503,81.38275070664632,68.19246480397729,"[[0.5773502691896258, 0.5773502691896258, 0.5773502691896258], [0.5773502691896258, -0.5773502691896258, -0.5773502691896258], [-0.5773502691896258, 0.5773502691896258, -0.5773502691896258], [-0.5773502691896258, -0.5773502691896258, 0.5773502691896258]]"
2026-08-08T20:27:39.592707,0.7364068114881008,3.6699859468490525,0.7856476936707055,3.824700529537667,78.1462546285704,78.6538999882936,"[[0.5773502691896258, 0.5773502691896258, 0.5773502691896258], [0.5773502691896258, -0.5773502691896258, -0.5773502691896258], [-0.5773502691896258, 0.5773502691896258, -0.5773502691896258], [-0.5773502691896258, -0.5773502691896258, 0.5773502691896258]]"
2026-08-08T20:27:49.592707,-0.4968641017546799,3.6420318697283447,-0.4805283406896184,3.7070443161547644,97.44796546235962,97.76861619928374,"[[0.5773502691896258, 0.5773502691896258, 0.5773502691896258], [0.5773502691896258, -0.5773502691896258, -0.5773502691896258], [-0.5773502691896258, 0.5773502691896258, -0.5773502691896258], [-0.5773502691896258, -0.5773502691896258, 0.5773502691896258]]"
2026-08-08T20:27:59.592707,-0.5205993582415346,3.3940583927870946,0.3503108940062928,3.4515755515285336,84.17484718154225,98.72037745416226,"[[0.5773502691896258, 0.5773502691896258, 0.5773502691896258], [0.5773502691896258, -0.5773502691896258, -0.5773502691896258], [-0.5773502691896258, 0.5773502691896258, -0.5773502691896258], [-0.5773502691896258, -0.5773502691896258, 0.5773502691896258]]"
2026-08-08T20:28:09.592707,-0.3628067058451246,2.5399831212069337,-0.5135127077108752,2.616646377102352,101.31766183157525,98.12904067513452,"[[0.5773502691896258, 0.5773502691896258, 0.5773502691896258], [0.5773502691896258, -0.5773502691896258, -0.5773502691896258], [-0.5773502691896258, 0.5773502691896258, -0.5773502691896258], [-0.5773502691896258, -0.5773502691896258, 0.5773502691896258]]"
2026-08-08T20:28:19.592707,0.40298383767110796,3.524389616140816,-0.4672356623358608,3.5779920771214364,97.5034561378174,83.47704572077848,"[[0.5773502691896258, 0.5773502691896258, 0.5773502691896258], [0.5773502691896258, -0.5773502691896258, -0.5773502691896258], [-0.5773502691896258, 0.5773502691896258, -0.5773502691896258], [-0.5773502691896258, -0.5773502691896258, 0.5773502691896258]]"
2026-08-08T20:28:29.592707,0.2015467192425091,3.432124955140588,0.28490242285174977,3.44982205023433,85.26285165492575,86.6392453894388,"[[0.5773502691896258, 0.5773502691896258, 0.5773502691896258], [0.5773502691896258, -0.5773502691896258, -0.5773502691896258], [-0.5773502691896258, 0.5773502691896258, -0.5773502691896258], [-0.5773502691896258, -0.5773502691896258, 0.5773502691896258]]"
2026-08-08T20:28:39.592707,0.6976460861018267,2.890558051706858,-0.3943226958725922,2.9995876883699824,97.55390851247935,76.43096708612916,"[[0.5773502691896258, 0.5773502691896258, 0.5773502691896258], [0.5773502691896258, -0.5773502691896258, -0.5773502691896258], [-0.5773502691896258, 0.5773502691896258, -0.5773502691896258], [-0.5773502691896258, -0.5773502691896258, 0.5773502691896258]]"
2026-08-08T20:28:49.592707,-0.8296524656242042,3.392337904872815,0.16978579216530967,3.496442032949267,87.21664582291837,103.74287118205021,"[[0.5773502691896258, 0.5773502691896258, 0.5773502691896258], [0.5773502691896258, -0.5773502691896258, -0.5773502691896258], [-0.5773502691896258, 0.5773502691896258, -0.5773502691896258], [-0.5773502691896258, -0.5773502691896258, 0.5773502691896258]]"
2026-08-08T20:28:59.592707,-0.9060043900780013,4.16881116843407,-1.2853157107366568,4.455543399987001,106.76671649253913,102.26137586077338,"[[0.5773502691896258, 0.5773502691896258, 0.5773502691896258], [0.5773502691896258, -0.5773502691896258, -0.5773502691896258], [-0.5773502691896258, 0.5773502691896258, -0.5773502691896258], [-0.5773502691896258, -0.5773502691896258, 0.5773502691896258]]"
2026-08-08T20:29:09.592707,-0.603763892831878,1.4689053533470902,-0.21634269147592378,1.6028156274301453,97.75726994509402,112.34412364515521,"[[0.5773502691896258, 0.5773502691896258, 0.5773502691896258], [0.5773502691896258, -0.5773502691896258, -0.5773502691896258], [-0.5773502691896258, 0.5773502691896258, -0.5773502691896258], [-0.5773502691896258, -0.5773502691896258, 0.5773502691896258]]"
2026-08-08T20:29:19.592707,0.9734111070812519,3.487616887021372,-0.34224056683445014,3.6370495376902636,95.39942986648393,74.40531936794683,"[[0.5773502691896258, 0.5773502691896258, 0.5773502691896258], [0.5773502691896258, -0.5773502691896258, -0.5773502691896258], [-0.5773502691896258, 0.5773502691896258, -0.5773502691896258], [-0.5773502691896258, -0.5773502691896258, 0.5773502691896258]]"
2026-08-08T20:29:29.592707,0.8504926630070156,4.338716358367463,-0.08583197342666313,4.422122175591318,91.11216254716999,78.90927862066181,"[[0.5773502691896258, 0.5773502691896258, 0.5773502691896258], [0.5773502691896258, -0.5773502691896258, -0.5773502691896258], [-0.5773502691896258, 0.5773502691896258, -0.5773502691896258], [-0.5773502691896258, -0.5773502691896258, 0.5773502691896258]]"
2026-08-08T20:29:39.592707,1.815488872386634,3.8240091841451607,-0.20004414025695444,4.2378135570406315,92.70562772421532,64.60347472421371,"[[0.5773502691896258, 0.5773502691896258, 0.5773502691896258], [0.5773502691896258, -0.5773502691896258, -0.5773502691896258], [-0.5773502691896258, 0.5773502691896258, -0.5773502691896258], [-0.5773502691896258, -0.5773502691896258, 0.5773502691896258]]"
2026-08-08T20:29:49.592707,-0.3731686029579607,4.079358878425321,-0.8743851576426861,4.18867199349948,102.04910741917578,95.22671452851489,"[[0.5773502691896258, 0.5773502691896258, 0.5773502691896258], [0.5773502691896258, -0.5773502691896258, -0.5773502691896258], [-0.5773502691896258, 0.5773502691896258, -0.5773502691896258], [-0.5773502691896258, -0.5773502691896258, 0.5773502691896258]]"
2026-08-08T20:29:59.592707,0.9555555690924155,3.9352840481915514,1.4784724389466894,4.311081968404149,69.94347938065043,76.35172939716388,"[[0.5773502691896258, 0.5773502691896258, 0.5773502691896258], [0.5773502691896258, -0.5773502691896258, -0.5773502691896258], [-0.5773502691896258, 0.5773502691896258, -0.5773502691896258], [-0.5773502691896258, -0.5773502691896258, 0.5773502691896258]]"
2026-08-08T20:30:09.592707,0.34249650992923986,2.3098767617746327,0.5188340520773492,2.3920751007222107,77.47315262845561,81.56593045922789,"[[0.5773502691896258, 0.5773502691896258, 0.5773502691896258], [0.5773502691896258, -0.5773502691896258, -0.5773502691896258], [-0.5773502691896258, 0.5773502691896258, -0.5773502691896258], [-0.5773502691896258, -0.5773502691896258, 0.5773502691896258]]"
2026-08-08T20:30:19.592707,0.93473751576672,3.73726368567951,-0.49589247639562706,3.88417088035868,97.3349768445093,75.95767345663239,"[[0.5773502691896258, 0.5773502691896258, 0.5773502691896258], [0.5773502691896258, -0.5773502691896258, -0.5773502691896258], [-0.5773502691896258, 0.5773502691896258, -0.5773502691896258], [-0.5773502691896258, -0.5773502691896258, 0.5773502691896258]]"
2026-08-08T20:30:29.592707,-0.5792687319224694,2.8725025076137487,-0.29643853353228033,2.9452841499918323,95.7765171924569,101.4013537178676,"[[0.5773502691896258, 0.5773502691896258, 0.5773502691896258], [0.5773502691896258, -0.5773502691896258, -0.5773502691896258], [-0.5773502691896258, 0.5773502691896258, -0.5773502691896258], [-0.5773502691896258, -0.5773502691896258, 0.5773502691896258]]"
2026-08-08T20:30:39.592707,0.7631313153991361,4.365536776557808,-0.12153618096438257,4.433401831021519,91.57088912389281,80.08442157819707,"[[0.5773502691896258, 0.5773502691896258, 0.5773502691896258], [0.5773502691896258, -0.5773502691896258, -0.5773502691896258], [-0.5773502691896258, 0.5773502691896258, -0.5773502691896258], [-0.5773502691896258, -0.5773502691896258, 0.5773502691896258]]"
2026-08-08T20:30:49.592707,-0.22870980255257922,2.975879411122709,1.0361325444480927,3.1593887214130776,70.8553926029686,94.39480077866206,"[[0.5773502691896258, 0.5773502691896258, 0.5773502691896258], [0.5773502691896258, -0.5773502691896258, -0.5773502691896258], [-0.5773502691896258, 0.5773502691896258, -0.5773502691896258], [-0.5773502691896258, -0.5773502691896258, 0.5773502691896258]]"
2026-08-08T20:30:59.592707,-0.21485005722126405,3.3695919095648996,0.1724278396702988,3.380834444924296,87.07655738762391,93.64832306625685,"[[0.5773502691896258, 0.5773502691896258, 0.5773502691896258], [0.5773502691896258, -0.5773502691896258, -0.5773502691896258], [-0.5773502691896258, 0.5773502691896258, -0.5773502691896258], [-0.5773502691896258, -0.5773502691896258, 0.5773502691896258]]"
2026-08-08T20:31:09.592707,1.0067694568969494,2.883280014630033,0.7176303007230124,3.137177334901765,76.77649131858219,70.75207229748636,"[[0.5773502691896258, 0.5773502691896258, 0.5773502691896258], [0.5773502691896258, -0.5773502691896258, -0.5773502691896258], [-0.5773502691896258, 0.5773502691896258, -0.5773502691896258], [-0.5773502691896258, -0.5773502691896258, 0.5773502691896258]]"
2026-08-08T20:31:19.592707,-0.6326300653404233,3.7142455328223707,0.5953451266019614,3.8144824678365308,81.0208553737426,99.666160350902,"[[0.5773502691896258, 0.5773502691896258, 0.5773502691896258], [0.5773502691896258, -0.5773502691896258, -0.5773502691896258], [-0.5773502691896258, 0.5773502691896258, -0.5773502691896258], [-0.5773502691896258, -0.5773502691896258, 0.5773502691896258]]"
2026-08-08T20:31:29.592707,0.8618598776701414,3.670395598072779,0.26260414536947824,3.7793606909442845,86.01566404906698,76.78555434158277,"[[0.5773502691896258, 0.5773502691896258, 0.5773502691896258], [0.5773502691896258, -0.5773502691896258, -0.5773502691896258], [-0.5773502691896258, 0.5773502691896258, -0.5773502691896258], [-0.5773502691896258, -0.5773502691896258, 0.5773502691896258]]"
2026-08-08T20:31:39.592707,0.5126123493018698,5.164399587157912,-1.1116444254039282,5.307499208198267,102.08999822190069,84.33145442524514,"[[0.5773502691896258, 0.5773502691896258, 0.5773502691896258], [0.5773502691896258, -0.5773502691896258, -0.5773502691896258], [-0.5773502691896258, 0.5773502691896258, -0.5773502691896258], [-0.5773502691896258, -0.5773502691896258, 0.5773502691896258]]"
2026-08-08T20:31:49.592707,-0.2657343038782816,2.6543770460531335,1.3244815306167628,2.9783524888462005,63.59567788298589,95.71693189184357,"[[0.5773502691896258, 0.5773502691896258, 0.5773502691896258], [0.5773502691896258, -0.5773502691896258, -0.5773502691896258], [-0.5773502691896258, 0.5773502691896258, -0.5773502691896258], [-0.5773502691896258, -0.5773502691896258, 0.5773502691896258]]"
2026-08-08T20:31:59.592707,-1.6167823584543863,2.622519710026432,-0.3488329920823441,3.100528871088216,96.45988670687106,121.6538156859682,"[[0.5773502691896258, 0.5773502691896258, 0.5773502691896258], [0.5773502691896258, -0.5773502691896258, -0.5773502691896258], [-0.5773502691896258, 0.5773502691896258, -0.5773502691896258], [-0.5773502691896258, -0.5773502691896258, 0.5773502691896258]]"
2026-08-08T20:32:09.592707,0.9888747043611082,3.136018691338859,0.9645102274476028,3.4267720076192676,73.65244730306627,72.49847431462692,"[[0.5773502691896258, 0.5773502691896258, 0.5773502691896258], [0.5773502691896258, -0.5773502691896258, -0.5773502691896258], [-0.5773502691896258, 0.5773502691896258, -0.5773502691896258], [-0.5773502691896258, -0.5773502691896258, 0.5773502691896258]]"
2026-08-08T20:32:19.592707,0.2701131939462817,2.33461538663342,0.7024535561182921,2.452922978724079,73.35899865954025,83.40026694124478,"[[0.5773502691896258, 0.5773502691896258, 0.5773502691896258], [0.5773502691896258, -0.5773502691896258, -0.5773502691896258], [-0.5773502691896258, 0.5773502691896258, -0.5773502691896258], [-0.5773502691896258, -0.5773502691896258, 0.5773502691896258]]"
2026-08-08T20:32:29.592707,0.9162731001061629,4.72650117984594,-0.4120350697835136,4.832095062785367,94.89157875382764,79.0288039249298,"[[0.5773502691896258, 0.5773502691896258, 0.5773502691896258], [0.5773502691896258, -0.5773502691896258, -0.5773502691896258], [-0.5773502691896258, 0.5773502691896258, -0.5773502691896258], [-0.5773502691896258, -0.5773502691896258, 0.5773502691896258]]"
2026-08-08T20:32:39.592707,1.1806560081037012,3.2405950593982307,0.8074929982745874,3.5422379777098647,76.82292831474062,69.98164407104393,"[[0.5773502691896258, 0.5773502691896258, 0.5773502691896258], [0.5773502691896258, -0.5773502691896258, -0.5773502691896258], [-0.5773502691896258, 0.5773502691896258, -0.5773502691896258], [-0.5773502691896258, -0.5773502691896258, 0.5773502691896258]]"
2026-08-08T20:32:49.592707,0.38904249040537786,2.629925963007726,-0.3984501469385217,2.688238670549597,98.52377433000682,81.5853142876684,"[[0.5773502691896258, 0.5773502691896258, 0.5773502691896258], [0.5773502691896258, -0.5773502691896258, -0.5773502691896258], [-0.5773502691896258, 0.5773502691896258, -0.5773502691896258], [-0.5773502691896258, -0.5773502691896258, 0.5773502691896258]]"
2026-08-08T20:32:59.592707,-1.4010435954811886,3.3380933688867205,0.3635465630317032,3.638400280251819,84.26547413102354,112.76846137328008,"[[0.5773502691896258, 0.5773502691896258, 0.5773502691896258], [0.5773502691896258, -0.5773502691896258, -0.5773502691896258], [-0.5773502691896258, 0.5773502691896258, -0.5773502691896258], [-0.5773502691896258, -0.5773502691896258, 0.5773502691896258]]"
2026-08-08T20:33:09.592707,0.15943973873415132,1.604477145329553,0.8486878919689701,1.8220974392570832,62.23959349897724,84.32504744443885,"[[0.5773502691896258, 0.5773502691896258, 0.5773502691896258], [0.5773502691896258, -0.5773502691896258, -0.5773502691896258], [-0.5773502691896258, 0.5773502691896258, -0.5773502691896258], [-0.5773502691896258, -0.5773502691896258, 0.5773502691896258]]"
2026-08-08T20:33:19.592707,0.6196900415043849,3.133096920811903,0.6970322698352582,3.2689701815606127,77.68847775548673,78.81196412787004,"[[0.5773502691896258, 0.5773502691896258, 0.5773502691896258], [0.5773502691896258, -0.5773502691896258, -0.5773502691896258], [-0.5773502691896258, 0.5773502691896258, -0.5773502691896258], [-0.5773502691896258, -0.5773502691896258, 0.5773502691896258]]"
2026-08-08T20:33:29.592707,0.028361268871425708,5.670742884749165,0.36232580946117793,5.682377074667518,86.34416504504061,89.71344716336607,"[[0.5773502691896258, 0.5773502691896258, 0.5773502691896258], [0.5773502691896258, -0.5773502691896258, -0.5773502691896258], [-0.5773502691896258, 0.5773502691896258, -0.5773502691896258], [-0.5773502691896258, -0.5773502691896258, 0.5773502691896258]]"
2026-08-08T20:33:39.592707,1.003503379636811,2.0693977068100313,-0.28295871405419065,2.3172163333949465,97.01397775403196,64.13007812676274,"[[0.5773502691896258, 0.5773502691896258, 0.5773502691896258], [0.5773502691896258, -0.5773502691896258, -0.5773502691896258], [-0.5773502691896258, 0.5773502691896258, -0.5773502691896258], [-0.5773502691896258, -0.5773502691896258, 0.5773502691896258]]"
2026-08-08T20:33:49.592707,0.5358853934534207,3.5729299637989964,-0.17695268271591294,3.6172246174449527,92.80399785676275,81.47008287082285,"[[0.5773502691896258, 0.5773502691896258, 0.5773502691896258], [0.5773502691896258, -0.5773502691896258, -0.5773502691896258], [-0.5773502691896258, 0.5773502691896258, -0.5773502691896258], [-0.5773502691896258, -0.5773502691896258, 0.5773502691896258]]"
2026-08-08T20:33:59.592707,-0.8129957470628056,3.9466777588534474,0.5716109623179604,4.069885318926413,81.92617636403098,101.63982368913673,"[[0.5773502691896258, 0.5773502691896258, 0.5773502691896258], [0.5773502691896258, -0.5773502691896258, -0.5773502691896258], [-0.5773502691896258, 0.5773502691896258, -0.5773502691896258], [-0.5773502691896258, -0.5773502691896258, 0.5773502691896258]]"
2026-08-08T20:34:09.592707,-0.18867540682113826,4.687102652904655,-0.6896604206593748,4.74132483424507,98.36376267552573,92.30514925341454,"[[0.5773502691896258, 0.5773502691896258, 0.5773502691896258], [0.5773502691896258, -0.5773502691896258, -0.5773502691896258], [-0.5773502691896258, 0.5773502691896258, -0.5773502691896258], [-0.5773502691896258, -0.5773502691896258, 0.5773502691896258]]"
2026-08-08T20:34:19.592707,1.0248242650506194,3.484922805449171,0.7144761252000627,3.702084259934822,78.87249947844424,73.61277536068725,"[[0.5773502691896258, 0.5773502691896258, 0.5773502691896258], [0.5773502691896258, -0.5773502691896258, -0.5773502691896258], [-0.5773502691896258, 0.5773502691896258, -0.5773502691896258], [-0.5773502691896258, -0.5773502691896258, 0.5773502691896258]]"
2026-08-08T20:34:29.592707,0.5629237777213718,2.300229682210443,0.004685898454498841,2.368113537837741,89.88662605251626,76.24856276402123,"[[0.5773502691896258, 0.5773502691896258, 0.5773502691896258], [0.5773502691896258, -0.5773502691896258, -0.5773502691896258], [-0.5773502691896258, 0.5773502691896258, -0.5773502691896258], [-0.5773502691896258, -0.5773502691896258, 0.5773502691896258]]"
2026-08-08T20:34:39.592707,0.00393069631524162,2.300083124954905,0.17971903488556698,2.307097042513826,85.53222744805046,89.90208523869143,"[[0.5773502691896258, 0.5773502691896258, 0.5773502691896258], [0.5773502691896258, -0.5773502691896258, -0.5773502691896258], [-0.5773502691896258, 0.5773502691896258, -0.5773502691896258], [-0.5773502691896258, -0.5773502691896258, 0.5773502691896258]]"
2026-08-08T20:34:49.592707,1.0429478266957959,4.270665503923704,0.3890314734842768,4.413351277994392,84.94288406753269,76.27629873387433,"[[0.5773502691896258, 0.5773502691896258, 0.5773502691896258], [0.5773502691896258, -0.5773502691896258, -0.5773502691896258], [-0.5773502691896258, 0.5773502691896258, -0.5773502691896258], [-0.5773502691896258, -0.5773502691896258, 0.5773502691896258]]"
2026-08-08T20:34:59.592707,-0.2531083308850592,3.3287708205692823,0.5057559149459205,3.3764727229076943,81.385344895748,94.34820788559438,"[[0.5773502691896258, 0.5773502691896258, 0.5773502691896258], [0.5773502691896258, -0.5773502691896258, -0.5773502691896258], [-0.5773502691896258, 0.5773502691896258, -0.5773502691896258], [-0.5773502691896258, -0.5773502691896258, 0.5773502691896258]]"
2026-08-08T20:35:09.592707,0.09004028073687732,2.9786848109421467,-0.10651693285340831,2.9819484086880386,92.04707408246853,88.26857893758451,"[[0.5773502691896258, 0.5773502691896258, 0.5773502691896258], [0.5773502691896258, -0.5773502691896258, -0.5773502691896258], [-0.5773502691896258, 0.5773502691896258, -0.5773502691896258], [-0.5773502691896258, -0.5773502691896258, 0.5773502691896258]]"
2026-08-08T20:35:19.592707,0.4302272232895241,2.574662625018009,-0.03415964022552014,2.610584221461621,90.74973986835883,80.51349856646758,"[[0.5773502691896258, 0.5773502691896258, 0.5773502691896258], [0.5773502691896258, -0.5773502691896258, -0.5773502691896258], [-0.5773502691896258, 0.5773502691896258, -0.5773502691896258], [-0.5773502691896258, -0.5773502691896258, 0.5773502691896258]]"
2026-08-08T20:35:29.592707,-1.2652007060389487,4.408754072331511,-0.1261922389341475,4.588438708104135,91.57595969620039,106.01213771616065,"[[0.5773502691896258, 0.5773502691896258, 0.5773502691896258], [0.5773502691896258, -0.5773502691896258, -0.5773502691896258], [-0.5773502691896258, 0.5773502691896258, -0.5773502691896258], [-0.5773502691896258, -0.5773502691896258, 0.5773502691896258]]"
2026-08-08T20:35:39.592707,-0.81326422451334,2.4974598558540158,-0.8177753663091821,2.7509018485249093,107.29402882808218,108.03714304725914,"[[0.5773502691896258, 0.5773502691896258, 0.5773502691896258], [0.5773502691896258, -0.5773502691896258, -0.5773502691896258], [-0.5773502691896258, 0.5773502691896258, -0.5773502691896258], [-0.5773502691896258, -0.5773502691896258, 0.5773502691896258]]"
2026-08-08T20:35:49.592707,1.0866631549562649,4.174869533287804,-0.9083763746934655,4.408573473405595,101.89083662096218,75.41039649363844,"[[0.5773502691896258, 0.5773502691896258, 0.5773502691896258], [0.5773502691896258, -0.5773502691896258, -0.5773502691896258], [-0.5773502691896258, 0.5773502691896258, -0.5773502691896258], [-0.5773502691896258, -0.5773502691896258, 0.5773502691896258]]"
2026-08-08T20:35:59.592707,-0.15334469158652167,3.592576094976531,1.0418217405700696,3.743729441580819,73.84215719684659,92.44411627737466,"[[0.5773502691896258, 0.5773502691896258, 0.5773502691896258], [0.5773502691896258, -0.5773502691896258, -0.5773502691896258], [-0.5773502691896258, 0.5773502691896258, -0.5773502691896258], [-0.5773502691896258, -0.5773502691896258, 0.5773502691896258]]"
2026-08-08T20:36:09.592707,-0.6684364909638849,2.829045254082782,-1.7425740323007755,3.389228326647441,120.94070181243657,103.29383379992058,"[[0.5773502691896258, 0.5773502691896258, 0.5773502691896258], [0.5773502691896258, -0.5773502691896258, -0.5773502691896258], [-0.5773502691896258, 0.5773502691896258, -0.5773502691896258], [-0.5773502691896258, -0.5773502691896258, 0.5773502691896258]]"
2026-08-08T20:36:19.592707,1.0245454677872186,3.031605382171286,-1.779502601341704,3.6615507803327176,119.07781213469646,71.32707309444858,"[[0.5773502691896258, 0.5773502691896258, 0.5773502691896258], [0.5773502691896258, -0.5773502691896258, -0.5773502691896258], [-0.5773502691896258, 0.5773502691896258, -0.5773502691896258], [-0.5773502691896258, -0.5773502691896258, 0.5773502691896258]]"
2026-08-08T20:36:29.592707,0.19887992981089997,3.909777920857428,-0.36995196951564613,3.932274288074819,95.39842329069728,87.0880270038475,"[[0.5773502691896258, 0.5773502691896258, 0.5773502691896258], [0.5773502691896258, -0.5773502691896258, -0.5773502691896258], [-0.5773502691896258, 0.5773502691896258, -0.5773502691896258], [-0.5773502691896258, -0.5773502691896258, 0.5773502691896258]]"
2026-08-08T20:36:39.592707,-0.26884301070700234,3.630302140358055,-1.060853565861146,3.791672517886347,106.24738066456733,94.23532336952395,"[[0.5773502691896258, 0.5773502691896258, 0.5773502691896258], [0.5773502691896258, -0.5773502691896258, -0.5773502691896258], [-0.5773502691896258, 0.5773502691896258, -0.5773502691896258], [-0.5773502691896258, -0.5773502691896258, 0.5773502691896258]]"
2026-08-08T20:36:49.592707,-0.630894671494168,3.9169719541629298,-0.9832276544842274,4.087472812969066,103.91880289157876,99.14987202683108,"[[0.5773502691896258, 0.5773502691896258, 0.5773502691896258], [0.5773502691896258, -0.5773502691896258, -0.5773502691896258], [-0.5773502691896258, 0.5773502691896258, -0.5773502691896258], [-0.5773502691896258, -0.5773502691896258, 0.5773502691896258]]"
2026-08-08T20:36:59.592707,-0.02236923378984627,4.31031663439372,0.8392541634439669,4.391318415033187,78.98204090184143,90.29734501886503,"[[0.5773502691896258, 0.5773502691896258, 0.5773502691896258], [0.5773502691896258, -0.5773502691896258, -0.5773502691896258], [-0.5773502691896258, 0.5773502691896258, -0.5773502691896258], [-0.5773502691896258, -0.5773502691896258, 0.5773502691896258]]"
2026-08-08T20:37:09.592707,-1.2073391976101775,3.7150042219303003,0.5811956326167326,3.9492673586905593,81.53730532299015,108.00364304224676,"[[0.5773502691896258, 0.5773502691896258, 0.5773502691896258], [0.5773502691896258, -0.5773502691896258, -0.5773502691896258], [-0.5773502691896258, 0.5773502691896258, -0.5773502691896258], [-0.5773502691896258, -0.5773502691896258, 0.5773502691896258]]"
2026-08-08T20:37:19.592707,0.7688035844780564,3.1856954590023667,-0.40785987450950884,3.302433070669188,97.09430509444626,76.43224048026019,"[[0.5773502691896258, 0.5773502691896258, 0.5773502691896258], [0.5773502691896258, -0.5773502691896258, -0.5773502691896258], [-0.5773502691896258, 0.5773502691896258, -0.5773502691896258], [-0.5773502691896258, -0.5773502691896258, 0.5773502691896258]]"
2026-08-08T20:37:29.592707,0.8372581254307495,3.5983456493754673,-0.7218557724548201,3.7643284045371908,101.05564014545786,76.90155788591726,"[[0.5773502691896258, 0.5773502691896258, 0.5773502691896258], [0.5773502691896258, -0.5773502691896258, -0.5773502691896258], [-0.5773502691896258, 0.5773502691896258, -0.5773502691896258], [-0.5773502691896258, -0.5773502691896258, 0.5773502691896258]]"
2026-08-08T20:37:39.592707,0.4429538730545899,6.1042365379117465,0.1167189661540707,6.121399771415923,88.90745422796984,85.8496069180124,"[[0.5773502691896258, 0.5773502691896258, 0.5773502691896258], [0.5773502691896258, -0.5773502691896258, -0.5773502691896258], [-0.5773502691896258, 0.5773502691896258, -0.5773502691896258], [-0.5773502691896258, -0.5773502691896258, 0.5773502691896258]]"
2026-08-08T20:37:49.592707,-0.7755358896781687,3.047042491707156,0.21818946303079165,3.1517503873602566,86.03035110405943,104.2797725644242,"[[0.5773502691896258, 0.5773502691896258, 0.5773502691896258], [0.5773502691896258, -0.5773502691896258, -0.5773502691896258], [-0.5773502691896258, 0.5773502691896258, -0.5773502691896258], [-0.5773502691896258, -0.5773502691896258, 0.5773502691896258]]"
2026-08-08T20:37:59.592707,0.6021355912712351,2.530282975729389,1.0648264182888725,2.8104722928055064,67.73579275772053,76.61420412513665,"[[0.5773502691896258, 0.5773502691896258, 0.5773502691896258], [0.5773502691896258, -0.5773502691896258, -0.5773502691896258], [-0.5773502691896258, 0.5773502691896258, -0.5773502691896258], [-0.5773502691896258, -0.5773502691896258, 0.5773502691896258]]"
2026-08-08T20:38:09.592707,-0.7705344134494101,2.9945385428085505,-0.3340642675796585,3.110077700243085,96.16623535314592,104.42992947948419,"[[0.5773502691896258, 0.5773502691896258, 0.5773502691896258], [0.5773502691896258, -0.5773502691896258, -0.5773502691896258], [-0.5773502691896258, 0.5773502691896258, -0.5773502691896258], [-0.5773502691896258, -0.5773502691896258, 0.5773502691896258]]"
2026-08-08T20:38:19.592707,-0.39118479476631124,2.709579091219745,-0.09088883401714373,2.7391796537249204,91.90148266816503,98.2150902968279,"[[0.5773502691896258, 0.5773502691896258, 0.5773502691896258], [0.5773502691896258, -0.5773502691896258, -0.5773502691896258], [-0.5773502691896258, 0.5773502691896258, -0.5773502691896258], [-0.5773502691896258, -0.5773502691896258, 0.5773502691896258]]"
2026-08-08T20:38:29.592707,-0.07644173129891137,3.662992923538792,-0.8179211084807659,3.7539786142008915,102.5846120746547,91.19551225984999,"[[0.5773502691896258, 0.5773502691896258, 0.5773502691896258], [0.5773502691896258, -0.5773502691896258, -0.5773502691896258], [-0.5773502691896258, 0.5773502691896258, -0.5773502691896258], [-0.5773502691896258, -0.5773502691896258, 0.5773502691896258]]"
2026-08-08T20:38:39.592707,0.06432917501882965,4.880174252711397,0.8948344438431086,4.9619520011255505,79.61048225946304,89.24478582509909,"[[0.5773502691896258, 0.5773502691896258, 0.5773502691896258], [0.5773502691896258, -0.5773502691896258, -0.5773502691896258], [-0.5773502691896258, 0.5773502691896258, -0.5773502691896258], [-0.5773502691896258, -0.5773502691896258, 0.5773502691896258]]"
2026-08-08T20:38:49.592707,1.1516318052775434,3.968665648543351,-0.15730266992454875,4.135372652472836,92.17996169156542,73.81826957284592,"[[0.5773502691896258, 0.5773502691896258, 0.5773502691896258], [0.5773502691896258, -0.5773502691896258, -0.5773502691896258], [-0.5773502691896258, 0.5773502691896258, -0.5773502691896258], [-0.5773502691896258, -0.5773502691896258, 0.5773502691896258]]"
2026-08-08T20:38:59.592707,-0.21669558204792286,3.6545706009257932,-1.0205568596124195,3.800576213698676,105.57662621248865,93.39334595805815,"[[0.5773502691896258, 0.5773502691896258, 0.5773502691896258], [0.5773502691896258, -0.5773502691896258, -0.5773502691896258], [-0.5773502691896258, 0.5773502691896258, -0.5773502691896258], [-0.5773502691896258, -0.5773502691896258, 0.5773502691896258]]"
2026-08-08T20:39:09.592707,-0.7399672096226219,2.647557111424905,0.8253258016006534,2.8702391552553657,73.28890419945415,105.6151759459232,"[[0.5773502691896258, 0.5773502691896258, 0.5773502691896258], [0.5773502691896258, -0.5773502691896258, -0.5773502691896258], [-0.5773502691896258, 0.5773502691896258, -0.5773502691896258], [-0.5773502691896258, -0.5773502691896258, 0.5773502691896258]]"
2026-08-08T20:39:19.592707,-0.01957160213513248,3.164337165129939,1.1186235152253807,3.356297262020738,70.5313548150624,90.35437307820101,"[[0.5773502691896258, 0.5773502691896258, 0.5773502691896258], [0.5773502691896258, -0.5773502691896258, -0.5773502691896258], [-0.5773502691896258, 0.5773502691896258, -0.5773502691896258], [-0.5773502691896258, -0.5773502691896258, 0.5773502691896258]]"
2026-08-08T20:39:29.592707,-1.2370116253322208,2.8726084463927877,0.29218008778344134,3.141249154586657,84.66297689790261,113.29782916032762,"[[0.5773502691896258, 0.5773502691896258, 0.5773502691896258], [0.5773502691896258, -0.5773502691896258, -0.5773502691896258], [-0.5773502691896258, 0.5773502691896258, -0.5773502691896258], [-0.5773502691896258, -0.5773502691896258, 0.5773502691896258]]"
2026-08-08T20:39:39.592707,-0.26404800296614167,3.8299473191603983,1.1645371309042283,4.011778227253967,73.12530769907913,93.94390137156242,"[[0.5773502691896258, 0.5773502691896258, 0.5773502691896258], [0.5773502691896258, -0.5773502691896258, -0.5773502691896258], [-0.5773502691896258, 0.5773502691896258, -0.5773502691896258], [-0.5773502691896258, -0.5773502691896258, 0.5773502691896258]]"
2026-08-08T20:39:49.592707,-1.2764785206200926,3.7699529783788885,-0.2801035527101967,3.9900377032094805,94.02551646509978,108.70572462464524,"[[0.5773502691896258, 0.5773502691896258, 0.5773502691896258], [0.5773502691896258, -0.5773502691896258, -0.5773502691896258], [-0.5773502691896258, 0.5773502691896258, -0.5773502691896258], [-0.5773502691896258, -0.5773502691896258, 0.5773502691896258]]"
2026-08-08T20:39:59.592707,-0.28951730410666,2.978730698709697,-0.1519404457345955,2.9966218887044747,92.90636626350425,95.55141779485372,"[[0.5773502691896258, 0.5773502691896258, 0.5773502691896258], [0.5773502691896258, -0.5773502691896258, -0.5773502691896258], [-0.5773502691896258, 0.5773502691896258, -0.5773502691896258], [-0.5773502691896258, -0.5773502691896258, 0.5773502691896258]]"
2026-08-08T20:40:09.592707,-0.2537803527220817,2.9020594047648016,0.3194497941388929,2.9305974522590033,83.74203826120258,94.99770864726254,"[[0.5773502691896258, 0.5773502691896258, 0.5773502691896258], [0.5773502691896258, -0.5773502691896258, -0.5773502691896258], [-0.5773502691896258, 0.5773502691896258, -0.5773502691896258], [-0.5773502691896258, -0.5773502691896258, 0.5773502691896258]]"
2026-08-08T20:40:19.592707,0.9883234059966453,2.823461860230337,0.44706391224028363,3.024662984969359,81.5001865991799,70.70793348188172,"[[0.5773502691896258, 0.5773502691896258, 0.5773502691896258], [0.5773502691896258, -0.5773502691896258, -0.5773502691896258], [-0.5773502691896258, 0.5773502691896258, -0.5773502691896258], [-0.5773502691896258, -0.5773502691896258, 0.5773502691896258]]"
2026-08-08T20:40:29.592707,0.2931063101400715,3.9337696427316424,-0.13981892784386638,3.947151408763587,92.02999832374965,85.7387491565488,"[[0.5773502691896258, 0.5773502691896258, 0.5773502691896258], [0.5773502691896258, -0.5773502691896258, -0.5773502691896258], [-0.5773502691896258, 0.5773502691896258, -0.5773502691896258], [-0.5773502691896258, -0.5773502691896258, 0.5773502691896258]]"
2026-08-08T20:40:39.592707,0.46094230386640567,3.9738605481566536,-0.10012577964760129,4.001757193463843,91.43371600162472,83.38362516453736,"[[0.5773502691896258, 0.5773502691896258, 0.5773502691896258], [0.5773502691896258, -0.5773502691896258, -0.5773502691896258], [-0.5773502691896258, 0.5773502691896258, -0.5773502691896258], [-0.5773502691896258, -0.5773502691896258, 0.5773502691896258]]"
2026-08-08T20:40:49.592707,0.4777198263314471,3.812684003560063,-0.3679594321193346,3.8600737929680204,95.46999448740574,82.85820023484096,"[[0.5773502691896258, 0.5773502691896258, 0.5773502691896258], [0.5773502691896258, -0.5773502691896258, -0.5773502691896258], [-0.5773502691896258, 0.5773502691896258, -0.5773502691896258], [-0.5773502691896258, -0.5773502691896258, 0.5773502691896258]]"
2026-08-08T20:40:59.592707,-0.6224365571514793,2.451986307255905,-0.4398824052518998,2.567715063845526,99.86415561448553,104.24366393643567,"[[0.5773502691896258, 0.5773502691896258, 0.5773502691896258], [0.5773502691896258, -0.5773502691896258, -0.5773502691896258], [-0.5773502691896258, 0.5773502691896258, -0.5773502691896258], [-0.5773502691896258, -0.5773502691896258, 0.5773502691896258]]"
2026-08-08T20:41:09.592707,-1.1623340587643547,2.388263480029896,1.321398820972076,2.966634078930956,63.54977218324288,115.95153175112691,"[[0.5773502691896258, 0.5773502691896258, 0.5773502691896258], [0.5773502691896258, -0.5773502691896258, -0.5773502691896258], [-0.5773502691896258, 0.5773502691896258, -0.5773502691896258], [-0.5773502691896258, -0.5773502691896258, 0.5773502691896258]]"
2026-08-08T20:41:19.592707,0.06542820082099983,3.0168953829927228,1.1435203492453843,3.2270074977483034,69.24581313522386,88.75760617093921,"[[0.5773502691896258, 0.5773502691896258, 0.5773502691896258], [0.5773502691896258, -0.5773502691896258, -0.5773502691896258], [-0.5773502691896258, 0.5773502691896258, -0.5773502691896258], [-0.5773502691896258, -0.5773502691896258, 0.5773502691896258]]"
2026-08-08T20:41:29.592707,0.00874054542162416,2.6740639686324728,0.032793499333286874,2.6742793270470533,89.29738970023583,89.81272154081346,"[[0.5773502691896258, 0.5773502691896258, 0.5773502691896258], [0.5773502691896258, -0.5773502691896258, -0.5773502691896258], [-0.5773502691896258, 0.5773502691896258, -0.5773502691896258], [-0.5773502691896258, -0.5773502691896258, 0.5773502691896258]]"
2026-08-08T20:41:39.592707,-0.1628280841944771,2.904741883044029,-0.38255445172599617,2.934345974940241,97.49104790340049,93.20841196075142,"[[0.5773502691896258, 0.5773502691896258, 0.5773502691896258], [0.5773502691896258, -0.5773502691896258, -0.5773502691896258], [-0.5773502691896258, 0.5773502691896258, -0.5773502691896258], [-0.5773502691896258, -0.5773502691896258, 0.5773502691896258]]"
2026-08-08T20:41:49.592707,0.32719703788864885,3.8269710431399138,0.3142136246852579,3.853763805498769,85.32324181856859,85.1132294526193,"[[0.5773502691896258, 0.5773502691896258, 0.5773502691896258], [0.5773502691896258, -0.5773502691896258, -0.5773502691896258], [-0.5773502691896258, 0.5773502691896258, -0.5773502691896258], [-0.5773502691896258, -0.5773502691896258, 0.5773502691896258]]"
2026-08-08T20:41:59.592707,0.4599034422446491,3.7725602954616018,-1.0345209336257406,3.938775941989044,105.22738364920025,83.04951006176596,"[[0.5773502691896258, 0.5773502691896258, 0.5773502691896258], [0.5773502691896258, -0.5773502691896258, -0.5773502691896258], [-0.5773502691896258, 0.5773502691896258, -0.5773502691896258], [-0.5773502691896258, -0.5773502691896258, 0.5773502691896258]]"
2026-08-08T20:42:09.592707,-0.4819924617560526,4.264706981294259,-0.5394457484921352,4.325626438454422,97.16396724778984,96.44814383870377,"[[0.5773502691896258, 0.5773502691896258, 0.5773502691896258], [0.5773502691896258, -0.5773502691896258, -0.5773502691896258], [-0.5773502691896258, 0.5773502691896258, -0.5773502691896258], [-0.5773502691896258, -0.5773502691896258, 0.5773502691896258]]"
2026-08-08T20:42:19.592707,-1.3368151483857964,3.7297425229215406,-0.4824805099843484,3.991345821995087,96.94298842105565,109.7187063248901,"[[0.5773502691896258, 0.5773502691896258, 0.5773502691896258], [0.5773502691896258, -0.5773502691896258, -0.5773502691896258], [-0.5773502691896258, 0.5773502691896258, -0.5773502691896258], [-0.5773502691896258, -0.5773502691896258, 0.5773502691896258]]"
2026-08-08T20:42:29.592707,-0.7730088429104509,4.013705325779341,0.006364457081396246,4.087470320347433,89.91078670952307,100.90125290185195,"[[0.5773502691896258, 0.5773502691896258, 0.5773502691896258], [0.5773502691896258, -0.5773502691896258, -0.5773502691896258], [-0.5773502691896258, 0.5773502691896258, -0.5773502691896258], [-0.5773502691896258, -0.5773502691896258, 0.5773502691896258]]"
2026-08-08T20:42:39.592707,-1.1743877339153128,2.6081894932645695,-0.4826864547180661,2.900831811035368,99.57833343330039,114.24057681806252,"[[0.5773502691896258, 0.5773502691896258, 0.5773502691896258], [0.5773502691896258, -0.5773502691896258, -0.5773502691896258], [-0.5773502691896258, 0.5773502691896258, -0.5773502691896258], [-0.5773502691896258, -0.5773502691896258, 0.5773502691896258]]"
2026-08-08T20:42:49.592707,-0.3225022439716698,5.092419466990101,-0.8453945720352364,5.172179009621877,99.40722512290655,93.62369474267506,"[[0.5773502691896258, 0.5773502691896258, 0.5773502691896258], [0.5773502691896258, -0.5773502691896258, -0.5773502691896258], [-0.5773502691896258, 0.5773502691896258, -0.5773502691896258], [-0.5773502691896258, -0.5773502691896258, 0.5773502691896258]]"
2026-08-08T20:42:59.592707,-1.0034402591929157,2.0679021052922715,-0.5038517358185884,2.353078418270152,102.36416862429186,115.88477314838579,"[[0.5773502691896258, 0.5773502691896258, 0.5773502691896258], [0.5773502691896258, -0.5773502691896258, -0.5773502691896258], [-0.5773502691896258, 0.5773502691896258, -0.5773502691896258], [-0.5773502691896258, -0.5773502691896258, 0.5773502691896258]]"
2026-08-08T20:43:09.592707,0.5982121996272747,4.191389797586021,0.7277108782038415,4.295948020326514,80.24737178463528,81.87736995842104,"[[0.5773502691896258, 0.5773502691896258, 0.5773502691896258], [0.5773502691896258, -0.5773502691896258, -0.5773502691896258], [-0.5773502691896258, 0.5773502691896258, -0.5773502691896258], [-0.5773502691896258, -0.5773502691896258, 0.5773502691896258]]"
2026-08-08T20:43:19.592707,1.0465198430615554,3.3281609185274403,1.3297522251520189,3.7336443137813413,69.13581520780588,72.54456421424211,"[[0.5773502691896258, 0.5773502691896258, 0.5773502691896258], [0.5773502691896258, -0.5773502691896258, -0.5773502691896258], [-0.5773502691896258, 0.5773502691896258, -0.5773502691896258], [-0.5773502691896258, -0.5773502691896258, 0.5773502691896258]]"
2026-08-08T20:43:29.592707,-0.6902213516574776,3.091261836958668,-1.0078377810600188,3.3238595415349512,107.65069243701477,102.58662673516912,"[[0.5773502691896258, 0.5773502691896258, 0.5773502691896258], [0.5773502691896258, -0.5773502691896258, -0.5773502691896258], [-0.5773502691896258, 0.5773502691896258, -0.5773502691896258], [-0.5773502691896258, -0.5773502691896258, 0.5773502691896258]]"
2026-08-08T20:43:39.592707,0.42434008166765985,4.592061100397944,-0.9911857214424884,4.71694167751618,102.13015414814276,84.7204438019114,"[[0.5773502691896258, 0.5773502691896258, 0.5773502691896258], [0.5773502691896258, -0.5773502691896258, -0.5773502691896258], [-0.5773502691896258, 0.5773502691896258, -0.5773502691896258], [-0.5773502691896258, -0.5773502691896258, 0.5773502691896258]]"
2026-08-08T20:43:49.592707,1.6710995638138595,3.9982846493093507,-1.1619374238070561,4.48653011423361,105.00975719571922,67.31730996357112,"[[0.5773502691896258, 0.5773502691896258, 0.5773502691896258], [0.5773502691896258, -0.5773502691896258, -0.5773502691896258], [-0.5773502691896258, 0.5773502691896258, -0.5773502691896258], [-0.5773502691896258, -0.5773502691896258, 0.5773502691896258]]"
2026-08-08T20:43:59.592707,0.6270725547688666,3.265872053678886,0.7074687917132394,3.3999488747911033,77.99001296508396,79.13104962092757,"[[0.5773502691896258, 0.5773502691896258, 0.5773502691896258], [0.5773502691896258, -0.5773502691896258, -0.5773502691896258], [-0.5773502691896258, 0.5773502691896258, -0.5773502691896258], [-0.5773502691896258, -0.5773502691896258, 0.5773502691896258]]"
2026-08-08T20:44:09.592707,0.5085035628552876,3.1717516103686987,-0.15158648082800227,3.2158300036666696,92.70178621620433,80.89170000966274,"[[0.5773502691896258, 0.5773502691896258, 0.5773502691896258], [0.5773502691896258, -0.5773502691896258, -0.5773502691896258], [-0.5773502691896258, 0.5773502691896258, -0.5773502691896258], [-0.5773502691896258, -0.5773502691896258, 0.5773502691896258]]"
2026-08-08T20:44:19.592707,0.5580379846744011,2.598595740569573,0.31460856060580183,2.6763939847586435,83.24930635039239,77.88003187248518,"[[0.5773502691896258, 0.5773502691896258, 0.5773502691896258], [0.5773502691896258, -0.5773502691896258, -0.5773502691896258], [-0.5773502691896258, 0.5773502691896258, -0.5773502691896258], [-0.5773502691896258, -0.5773502691896258, 0.5773502691896258]]"
2026-08-08T20:44:29.592707,-0.5473250391918096,2.762223120707395,0.03895532291095376,2.8161958000607688,89.20742486140242,101.20778687652471,"[[0.5773502691896258, 0.5773502691896258, 0.5773502691896258], [0.5773502691896258, -0.5773502691896258, -0.5773502691896258], [-0.5773502691896258, 0.5773502691896258, -0.5773502691896258], [-0.5773502691896258, -0.5773502691896258, 0.5773502691896258]]"
2026-08-08T20:44:39.592707,0.8282977056463651,3.862699603836291,0.6667973832916204,4.0063879079565705,80.41947726261462,77.89706927475119,"[[0.5773502691896258, 0.5773502691896258, 0.5773502691896258], [0.5773502691896258, -0.5773502691896258, -0.5773502691896258], [-0.5773502691896258, 0.5773502691896258, -0.5773502691896258], [-0.5773502691896258, -0.5773502691896258, 0.5773502691896258]]"
2026-08-08T20:44:49.592707,-0.5000691737063363,4.629222765491047,-0.7365221200270062,4.71404682033611,98.98871243125689,96.16543631970004,"[[0.5773502691896258, 0.5773502691896258, 0.5773502691896258], [0.5773502691896258, -0.5773502691896258, -0.5773502691896258], [-0.5773502691896258, 0.5773502691896258, -0.5773502691896258], [-0.5773502691896258, -0.5773502691896258, 0.5773502691896258]]"
2026-08-08T20:44:59.592707,-0.12811838221481595,3.0419411112093493,0.5118489611288473,3.0873628557290758,80.45696247444154,92.41171886009188,"[[0.5773502691896258, 0.5773502691896258, 0.5773502691896258], [0.5773502691896258, -0.5773502691896258, -0.5773502691896258], [-0.5773502691896258, 0.5773502691896258, -0.5773502691896258], [-0.5773502691896258, -0.5773502691896258, 0.5773502691896258]]"
2026-08-08T20:45:09.592707,-0.38165608502501835,2.805794195654788,0.6626679554936393,2.9081387956637905,76.82849278786986,97.74607541240402,"[[0.5773502691896258, 0.5773502691896258, 0.5773502691896258], [0.5773502691896258, -0.5773502691896258, -0.5773502691896258], [-0.5773502691896258, 0.5773502691896258, -0.5773502691896258], [-0.5773502691896258, -0.5773502691896258, 0.5773502691896258]]"
2026-08-08T20:45:19.592707,-0.5989313926159469,3.4575460139547114,-0.2647425876076477,3.5190100723595807,94.3145594741205,99.82750543053413,"[[0.5773502691896258, 0.5773502691896258, 0.5773502691896258], [0.5773502691896258, -0.5773502691896258, -0.5773502691896258], [-0.5773502691896258, 0.5773502691896258, -0.5773502691896258], [-0.5773502691896258, -0.5773502691896258, 0.5773502691896258]]"
2026-08-08T20:45:29.592707,-0.40323646148348075,4.693098970413984,-0.601210870673349,4.748603173669739,97.27362183747445,94.91085826358217,"[[0.5773502691896258, 0.5773502691896258, 0.5773502691896258], [0.5773502691896258, -0.5773502691896258, -0.5773502691896258], [-0.5773502691896258, 0.5773502691896258, -0.5773502691896258], [-0.5773502691896258, -0.5773502691896258, 0.5773502691896258]]"
2026-08-08T20:45:39.592707,0.346567706946367,3.7474985861789407,-0.8442301939406374,3.857016910680101,102.6433549374369,84.716329691569,"[[0.5773502691896258, 0.5773502691896258, 0.5773502691896258], [0.5773502691896258, -0.5773502691896258, -0.5773502691896258], [-0.5773502691896258, 0.5773502691896258, -0.5773502691896258], [-0.5773502691896258, -0.5773502691896258, 0.5773502691896258]]"
2026-08-08T20:45:49.592707,1.4180964861892116,3.0601214692324317,0.0857998318025506,3.3738261161086522,88.54275291026372,65.13643575040878,"[[0.5773502691896258, 0.5773502691896258, 0.5773502691896258], [0.5773502691896258, -0.5773502691896258, -0.5773502691896258], [-0.5773502691896258, 0.5773502691896258, -0.5773502691896258], [-0.5773502691896258, -0.5773502691896258, 0.5773502691896258]]"
2026-08-08T20:45:59.592707,0.1130458388471512,3.8991079443891894,-0.8640492913472215,3.995297648681157,102.48984438791044,88.33930333804794,"[[0.5773502691896258, 0.5773502691896258, 0.5773502691896258], [0.5773502691896258, -0.5773502691896258, -0.5773502691896258], [-0.5773502691896258, 0.5773502691896258, -0.5773502691896258], [-0.5773502691896258, -0.5773502691896258, 0.5773502691896258]]"
2026-08-08T20:46:09.592707,0.5484750037636636,2.9328972920798355,0.5741672919222067,3.0384830812028665,79.10760458900066,79.4075840684545,"[[0.5773502691896258, 0.5773502691896258, 0.5773502691896258], [0.5773502691896258, -0.5773502691896258, -0.5773502691896258], [-0.5773502691896258, 0.5773502691896258, -0.5773502691896258], [-0.5773502691896258, -0.5773502691896258, 0.5773502691896258]]"
2026-08-08T20:46:19.592707,-0.07533033869000123,3.135557843086315,-0.3217318578619696,3.1529207150879275,95.85679789325069,91.37624007937006,"[[0.5773502691896258, 0.5773502691896258, 0.5773502691896258], [0.5773502691896258, -0.5773502691896258, -0.5773502691896258], [-0.5773502691896258, 0.5773502691896258, -0.5773502691896258], [-0.5773502691896258, -0.5773502691896258, 0.5773502691896258]]"
2026-08-08T20:46:29.592707,-0.5008863414997514,3.6471103854868803,1.481957087890054,3.9684377406449047,68.07232563634446,97.81995884389283,"[[0.5773502691896258, 0.5773502691896258, 0.5773502691896258], [0.5773502691896258, -0.5773502691896258, -0.5773502691896258], [-0.5773502691896258, 0.5773502691896258, -0.5773502691896258], [-0.5773502691896258, -0.5773502691896258, 0.5773502691896258]]"
2026-08-08T20:46:39.592707,0.6181720775822481,3.413076509160244,-1.0973001519694243,3.638034579054459,107.55486669421764,79.73395160194174,"[[0.5773502691896258, 0.5773502691896258, 0.5773502691896258], [0.5773502691896258, -0.5773502691896258, -0.5773502691896258], [-0.5773502691896258, 0.5773502691896258, -0.5773502691896258], [-0.5773502691896258, -0.5773502691896258, 0.5773502691896258]]"
2026-08-08T20:46:49.592707,-0.12057083254764063,3.595710616279016,1.1737678677682557,3.784362980620132,71.93097010712923,91.92051395698873,"[[0.5773502691896258, 0.5773502691896258, 0.5773502691896258], [0.5773502691896258, -0.5773502691896258, -0.5773502691896258], [-0.5773502691896258, 0.5773502691896258, -0.5773502691896258], [-0.5773502691896258, -0.5773502691896258, 0.5773502691896258]]"
2026-08-08T20:46:59.592707,0.207389492192065,3.3181668565576055,-0.850347479632979,3.431666144243525,104.34703144375268,86.42359572965223,"[[0.5773502691896258, 0.5773502691896258, 0.5773502691896258], [0.5773502691896258, -0.5773502691896258, -0.5773502691896258], [-0.5773502691896258, 0.5773502691896258, -0.5773502691896258], [-0.5773502691896258, -0.5773502691896258, 0.5773502691896258]]"
2026-08-08T20:47:09.592707,0.29389547723907794,3.5404528601955976,-0.6723076320597532,3.6156850746344826,100.71605667393672,85.25471672829637,"[[0.5773502691896258, 0.5773502691896258, 0.5773502691896258], [0.5773502691896258, -0.5773502691896258, -0.5773502691896258], [-0.5773502691896258, 0.5773502691896258, -0.5773502691896258], [-0.5773502691896258, -0.5773502691896258, 0.5773502691896258]]"
2026-08-08T20:47:19.592707,-0.5777717248866816,3.2461784667341953,-0.7777051039990996,3.387671771697127,103.2717101811096,100.0921179159191,"[[0.5773502691896258, 0.5773502691896258, 0.5773502691896258], [0.5773502691896258, -0.5773502691896258, -0.5773502691896258], [-0.5773502691896258, 0.5773502691896258, -0.5773502691896258], [-0.5773502691896258, -0.5773502691896258, 0.5773502691896258]]"
2026-08-08T20:47:29.592707,0.4058018483147014,3.05680320447429,0.028326180610968574,3.083751504821347,89.47369513390714,82.43799115976282,"[[0.5773502691896258, 0.5773502691896258, 0.5773502691896258], [0.5773502691896258, -0.5773502691896258, -0.5773502691896258], [-0.5773502691896258, 0.5773502691896258, -0.5773502691896258], [-0.5773502691896258, -0.5773502691896258, 0.5773502691896258]]"
2026-08-08T20:47:39.592707,-0.5521854085229584,3.2267281740764027,0.8958275844057869,3.3939932963614425,74.69572562808894,99.71088014441,"[[0.5773502691896258, 0.5773502691896258, 0.5773502691896258], [0.5773502691896258, -0.5773502691896258, -0.5773502691896258], [-0.5773502691896258, 0.5773502691896258, -0.5773502691896258], [-0.5773502691896258, -0.5773502691896258, 0.5773502691896258]]"
2026-08-08T20:47:49.592707,-0.21548155647943418,3.455783787889695,1.5109313141620917,3.7778019172449517,66.42495653592921,93.56799529268807,"[[0.5773502691896258, 0.5773502691896258, 0.5773502691896258], [0.5773502691896258, -0.5773502691896258, -0.5773502691896258], [-0.5773502691896258, 0.5773502691896258, -0.5773502691896258], [-0.5773502691896258, -0.5773502691896258, 0.5773502691896258]]"
2026-08-08T20:47:59.592707,-0.30288472298825797,2.279773788687189,0.14297781235760518,2.30424615391485,86.44252802409288,97.56784669229533,"[[0.5773502691896258, 0.5773502691896258, 0.5773502691896258], [0.5773502691896258, -0.5773502691896258, -0.5773502691896258], [-0.5773502691896258, 0.5773502691896258, -0.5773502691896258], [-0.5773502691896258, -0.5773502691896258, 0.5773502691896258]]"
2026-08-08T20:48:09.592707,-0.8844408562139364,3.2221077753890324,-0.8679455170981373,3.452179538351627,104.56153130772898,105.34915561493905,"[[0.5773502691896258, 0.5773502691896258, 0.5773502691896258], [0.5773502691896258, -0.5773502691896258, -0.5773502691896258], [-0.5773502691896258, 0.5773502691896258, -0.5773502691896258], [-0.5773502691896258, -0.5773502691896258, 0.5773502691896258]]"
2026-08-08T20:48:19.592707,0.41465575522405546,4.6645050610480965,-0.7524381121162027,4.742964260085536,99.12814027129998,84.91998895400897,"[[0.5773502691896258, 0.5773502691896258, 0.5773502691896258], [0.5773502691896258, -0.5773502691896258, -0.5773502691896258], [-0.5773502691896258, 0.5773502691896258, -0.5773502691896258], [-0.5773502691896258, -0.5773502691896258, 0.5773502691896258]]"
2026-08-08T20:48:29.592707,-0.29618923035069855,4.025009541731053,-1.4305567431279813,4.281929759642338,109.51730777966793,94.20865088720133,"[[0.5773502691896258, 0.5773502691896258, 0.5773502691896258], [0.5773502691896258, -0.5773502691896258, -0.5773502691896258], [-0.5773502691896258, 0.5773502691896258, -0.5773502691896258], [-0.5773502691896258, -0.5773502691896258, 0.5773502691896258]]"
2026-08-08T20:48:39.592707,-0.19114886593190988,3.8210257004866865,0.9663413672556017,3.945958810073447,75.82443449040065,92.8638647882604,"[[0.5773502691896258, 0.5773502691896258, 0.5773502691896258], [0.5773502691896258, -0.5773502691896258, -0.5773502691896258], [-0.5773502691896258, 0.5773502691896258, -0.5773502691896258], [-0.5773502691896258, -0.5773502691896258, 0.5773502691896258]]"
2026-08-08T20:48:49.592707,-0.21556189120312844,2.5101206391619586,0.3826330801222236,2.548250503009806,81.3640789020751,94.90835308823665,"[[0.5773502691896258, 0.5773502691896258, 0.5773502691896258], [0.5773502691896258, -0.5773502691896258, -0.5773502691896258], [-0.5773502691896258, 0.5773502691896258, -0.5773502691896258], [-0.5773502691896258, -0.5773502691896258, 0.5773502691896258]]"
2026-08-08T20:48:59.592707,-1.5015473685946052,3.9175646808007794,-0.7199485594874482,4.2567926255220785,99.73720135335147,110.97112466204271,"[[0.5773502691896258, 0.5773502691896258, 0.5773502691896258], [0.5773502691896258, -0.5773502691896258, -0.5773502691896258], [-0.5773502691896258, 0.5773502691896258, -0.5773502691896258], [-0.5773502691896258, -0.5773502691896258, 0.5773502691896258]]"
2026-08-08T20:49:09.592707,-0.9469097934531088,2.9067796526309095,1.5947052777560202,3.4480561232075946,62.45184160563116,108.04348864135024,"[[0.5773502691896258, 0.5773502691896258, 0.5773502691896258], [0.5773502691896258, -0.5773502691896258, -0.5773502691896258], [-0.5773502691896258, 0.5773502691896258, -0.5773502691896258], [-0.5773502691896258, -0.5773502691896258, 0.5773502691896258]]"
2026-08-08T20:49:19.592707,0.6685659109192102,3.5106299118762174,-0.3242413001787173,3.5884028726084867,95.18420920356041,79.21767869038675,"[[0.5773502691896258, 0.5773502691896258, 0.5773502691896258], [0.5773502691896258, -0.5773502691896258, -0.5773502691896258], [-0.5773502691896258, 0.5773502691896258, -0.5773502691896258], [-0.5773502691896258, -0.5773502691896258, 0.5773502691896258]]"
2026-08-08T20:49:29.592707,-0.126915353554895,3.7067776249528652,-0.13687728987152575,3.7114745398967433,92.11351843675513,91.9609686164036,"[[0.5773502691896258, 0.5773502691896258, 0.5773502691896258], [0.5773502691896258, -0.5773502691896258, -0.5773502691896258], [-0.5773502691896258, 0.5773502691896258, -0.5773502691896258], [-0.5773502691896258, -0.5773502691896258, 0.5773502691896258]]"
2026-08-08T20:49:39.592707,-1.2332906076462282,4.205973208935157,-0.1114472428879806,4.384476804036718,91.45653512468164,106.34238226455108,"[[0.5773502691896258, 0.5773502691896258, 0.5773502691896258], [0.5773502691896258, -0.5773502691896258, -0.5773502691896258], [-0.5773502691896258, 0.5773502691896258, -0.5773502691896258], [-0.5773502691896258, -0.5773502691896258, 0.5773502691896258]]"
2026-08-08T20:49:49.592707,-0.7867403553336779,4.1471897461779035,0.5525431070025538,4.257164204327775,82.54246435725685,100.74162251821899,"[[0.5773502691896258, 0.5773502691896258, 0.5773502691896258], [0.5773502691896258, -0.5773502691896258, -0.5773502691896258], [-0.5773502691896258, 0.5773502691896258, -0.5773502691896258], [-0.5773502691896258, -0.5773502691896258, 0.5773502691896258]]"
2026-08-08T20:49:59.592707,-0.2534678142979396,2.3648961308211214,-0.8951433330194143,2.541310927278831,110.62419147971228,96.11756554543365,"[[0.5773502691896258, 0.5773502691896258, 0.5773502691896258], [0.5773502691896258, -0.5773502691896258, -0.5773502691896258], [-0.5773502691896258, 0.5773502691896258, -0.5773502691896258], [-0.5773502691896258, -0.5773502691896258, 0.5773502691896258]]"
2026-08-08T20:50:09.592707,0.07663392730231051,2.9737776595601555,0.9567988516523158,3.124850455595602,72.17021136300532,88.52382069768768,"[[0.5773502691896258, 0.5773502691896258, 0.5773502691896258], [0.5773502691896258, -0.5773502691896258, -0.5773502691896258], [-0.5773502691896258, 0.5773502691896258, -0.5773502691896258], [-0.5773502691896258, -0.5773502691896258, 0.5773502691896258]]"
2026-08-08T20:50:19.592707,0.06776540480610557,2.8441768578109135,0.8597897551658427,2.9720653713678367,73.18452644984234,88.63512804133161,"[[0.5773502691896258, 0.5773502691896258, 0.5773502691896258], [0.5773502691896258, -0.5773502691896258, -0.5773502691896258], [-0.5773502691896258, 0.5773502691896258, -0.5773502691896258], [-0.5773502691896258, -0.5773502691896258, 0.5773502691896258]]"
2026-08-08T20:50:29.592707,0.06646954382904179,4.530330726462631,0.2970781347461087,4.5405473358982285,86.24858202156554,89.15940991692408,"[[0.5773502691896258, 0.5773502691896258, 0.5773502691896258], [0.5773502691896258, -0.5773502691896258, -0.5773502691896258], [-0.5773502691896258, 0.5773502691896258, -0.5773502691896258], [-0.5773502691896258, -0.5773502691896258, 0.5773502691896258]]"
2026-08-08T20:50:39.592707,-0.06471862291335932,3.2915717878214807,-0.6069201364214923,3.3476835851866262,100.44523101536858,91.12639992642434,"[[0.5773502691896258, 0.5773502691896258, 0.5773502691896258], [0.5773502691896258, -0.5773502691896258, -0.5773502691896258], [-0.5773502691896258, 0.5773502691896258, -0.5773502691896258], [-0.5773502691896258, -0.5773502691896258, 0.5773502691896258]]"
2026-08-08T20:50:49.592707,0.3464123863222353,4.214238929474989,-0.2255607589362765,4.234464423285651,93.05346739937802,85.30082543468316,"[[0.5773502691896258, 0.5773502691896258, 0.5773502691896258], [0.5773502691896258, -0.5773502691896258, -0.5773502691896258], [-0.5773502691896258, 0.5773502691896258, -0.5773502691896258], [-0.5773502691896258, -0.5773502691896258, 0.5773502691896258]]"
2026-08-08T20:50:59.592707,-1.0402604107377922,3.7591931670555243,0.45814970790501647,3.9272861041995344,83.30072942979504,105.46806415830818,"[[0.5773502691896258, 0.5773502691896258, 0.5773502691896258], [0.5773502691896258, -0.5773502691896258, -0.5773502691896258], [-0.5773502691896258, 0.5773502691896258, -0.5773502691896258], [-0.5773502691896258, -0.5773502691896258, 0.5773502691896258]]"
2026-08-08T20:51:09.592707,-0.8326797921491496,2.6005346834333958,-0.4109863260280843,2.761348590123247,98.55944031016362,107.7548376754911,"[[0.5773502691896258, 0.5773502691896258, 0.5773502691896258], [0.5773502691896258, -0.5773502691896258, -0.5773502691896258], [-0.5773502691896258, 0.5773502691896258, -0.5773502691896258], [-0.5773502691896258, -0.5773502691896258, 0.5773502691896258]]"
2026-08-08T20:51:19.592707,0.32334339137879237,2.9910838572318252,-1.0218108565170256,3.177299327453617,108.75954981146462,83.83014727220895,"[[0.5773502691896258, 0.5773502691896258, 0.5773502691896258], [0.5773502691896258, -0.5773502691896258, -0.5773502691896258], [-0.5773502691896258, 0.5773502691896258, -0.5773502691896258], [-0.5773502691896258, -0.5773502691896258, 0.5773502691896258]]"
2026-08-08T20:51:29.592707,-0.9111319224188922,3.074530204961317,-0.1395875116496188,3.209732393000818,92.49251260293947,106.50710256922187,"[[0.5773502691896258, 0.5773502691896258, 0.5773502691896258], [0.5773502691896258, -0.5773502691896258, -0.5773502691896258], [-0.5773502691896258, 0.5773502691896258, -0.5773502691896258], [-0.5773502691896258, -0.5773502691896258, 0.5773502691896258]]"
2026-08-08T20:51:39.592707,-0.5200524322704385,4.504852741447945,1.0258829746061309,4.6493643255856165,77.25277721943333,96.58522977339994,"[[0.5773502691896258, 0.5773502691896258, 0.5773502691896258], [0.5773502691896258, -0.5773502691896258, -0.5773502691896258], [-0.5773502691896258, 0.5773502691896258, -0.5773502691896258], [-0.5773502691896258, -0.5773502691896258, 0.5773502691896258]]"
2026-08-08T20:51:49.592707,-0.4345958340912955,4.95121393120706,0.18691624690518316,4.973764229931441,87.84629226474888,95.01631565524173,"[[0.5773502691896258, 0.5773502691896258, 0.5773502691896258], [0.5773502691896258, -0.5773502691896258, -0.5773502691896258], [-0.5773502691896258, 0.5773502691896258, -0.5773502691896258], [-0.5773502691896258, -0.5773502691896258, 0.5773502691896258]]"
2026-08-08T20:51:59.592707,-1.3725221763534152,2.9728053675834,-0.8247707245294208,3.3766308098688214,104.13801671636583,114.7824197280418,"[[0.5773502691896258, 0.5773502691896258, 0.5773502691896258], [0.5773502691896258, -0.5773502691896258, -0.5773502691896258], [-0.5773502691896258, 0.5773502691896258, -0.5773502691896258], [-0.5773502691896258, -0.5773502691896258, 0.5773502691896258]]"
2026-08-08T20:52:09.592707,-0.6657260421617375,4.067231849703277,-1.2419146122826878,4.304406810078984,106.7694708438333,99.29576459304144,"[[0.5773502691896258, 0.5773502691896258, 0.5773502691896258], [0.5773502691896258, -0.5773502691896258, -0.5773502691896258], [-0.5773502691896258, 0.5773502691896258, -0.5773502691896258], [-0.5773502691896258, -0.5773502691896258, 0.5773502691896258]]"
2026-08-08T20:52:19.592707,-0.03099973573326335,2.62037363395097,0.45174367135643567,2.6592087751305904,80.21921728969784,90.67779310046586,"[[0.5773502691896258, 0.5773502691896258, 0.5773502691896258], [0.5773502691896258, -0.5773502691896258, -0.5773502691896258], [-0.5773502691896258, 0.5773502691896258, -0.5773502691896258], [-0.5773502691896258, -0.5773502691896258, 0.5773502691896258]]"
2026-08-08T20:52:29.592707,1.4557183605566584,3.6120858729109293,-0.5457789850831001,3.9324489823903392,97.9777522935024,68.04991358744833,"[[0.5773502691896258, 0.5773502691896258, 0.5773502691896258], [0.5773502691896258, -0.5773502691896258, -0.5773502691896258], [-0.5773502691896258, 0.5773502691896258, -0.5773502691896258], [-0.5773502691896258, -0.5773502691896258, 0.5773502691896258]]"
2026-08-08T20:52:39.592707,0.008545090170082828,2.472780019496329,0.4079418332288513,2.5062183828797515,80.63217820415119,89.80200598128441,"[[0.5773502691896258, 0.5773502691896258, 0.5773502691896258], [0.5773502691896258, -0.5773502691896258, -0.5773502691896258], [-0.5773502691896258, 0.5773502691896258, -0.5773502691896258], [-0.5773502691896258, -0.5773502691896258, 0.5773502691896258]]"
2026-08-08T20:52:49.592707,-0.17939892790765766,5.620565500813353,-0.6014854724828391,5.655503982659333,96.10518191746638,91.82816354378056,"[[0.5773502691896258, 0.5773502691896258, 0.5773502691896258], [0.5773502691896258, -0.5773502691896258, -0.5773502691896258], [-0.5773502691896258, 0.5773502691896258, -0.5773502691896258], [-0.5773502691896258, -0.5773502691896258, 0.5773502691896258]]"
2026-08-08T20:52:59.592707,-1.1950742908475582,3.289706352879045,-0.8889709405714812,3.6111826015860906,104.25108780616318,109.96491347840474,"[[0.5773502691896258, 0.5773502691896258, 0.5773502691896258], [0.5773502691896258, -0.5773502691896258, -0.5773502691896258], [-0.5773502691896258, 0.5773502691896258, -0.5773502691896258], [-0.5773502691896258, -0.5773502691896258, 0.5773502691896258]]"
2026-08-08T20:53:09.592707,0.3375693924765905,3.340982187666689,0.2616338231737872,3.368169730056911,85.54487113190913,84.23047385289031,"[[0.5773502691896258, 0.5773502691896258, 0.5773502691896258], [0.5773502691896258, -0.5773502691896258, -0.5773502691896258], [-0.5773502691896258, 0.5773502691896258, -0.5773502691896258], [-0.5773502691896258, -0.5773502691896258, 0.5773502691896258]]"
2026-08-08T20:53:19.592707,0.6069770852832845,1.8515310136425795,1.1161906322706951,2.245544433786195,60.193721563282445,71.84959270242686,"[[0.5773502691896258, 0.5773502691896258, 0.5773502691896258], [0.5773502691896258, -0.5773502691896258, -0.5773502691896258], [-0.5773502691896258, 0.5773502691896258, -0.5773502691896258], [-0.5773502691896258, -0.5773502691896258, 0.5773502691896258]]"
2026-08-08T20:53:29.592707,-0.524573494060181,3.117761601920443,1.2055274077239846,3.3836239578082172,69.12790820938386,99.55074653345902,"[[0.5773502691896258, 0.5773502691896258, 0.5773502691896258], [0.5773502691896258, -0.5773502691896258, -0.5773502691896258], [-0.5773502691896258, 0.5773502691896258, -0.5773502691896258], [-0.5773502691896258, -0.5773502691896258, 0.5773502691896258]]"
2026-08-08T20:53:39.592707,-0.5714209605739036,3.4192316172964694,-1.4085699720075855,3.741889380105254,112.11289758547808,99.4875756862491,"[[0.5773502691896258, 0.5773502691896258, 0.5773502691896258], [0.5773502691896258, -0.5773502691896258, -0.5773502691896258], [-0.5773502691896258, 0.5773502691896258, -0.5773502691896258], [-0.5773502691896258, -0.5773502691896258, 0.5773502691896258]]"
2026-08-08T20:53:49.592707,0.2944207925652077,3.204505610944324,0.32634088203705985,3.2345074099400524,84.20937357510459,84.75056573575345,"[[0.5773502691896258, 0.5773502691896258, 0.5773502691896258], [0.5773502691896258, -0.5773502691896258, -0.5773502691896258], [-0.5773502691896258, 0.5773502691896258, -0.5773502691896258], [-0.5773502691896258, -0.5773502691896258, 0.5773502691896258]]"
2026-08-08T20:53:59.592707,0.3405159964190963,3.165095199600972,-0.09675108363705155,3.1848295933282444,91.74084094269273,83.859465990286,"[[0.5773502691896258, 0.5773502691896258, 0.5773502691896258], [0.5773502691896258, -0.5773502691896258, -0.5773502691896258], [-0.5773502691896258, 0.5773502691896258, -0.5773502691896258], [-0.5773502691896258, -0.5773502691896258, 0.5773502691896258]]"
2026-08-08T20:54:09.592707,-1.3729722229065076,4.591076687776171,0.2723650118041472,4.799710468098021,86.74693856475267,106.64941752165161,"[[0.5773502691896258, 0.5773502691896258, 0.5773502691896258], [0.5773502691896258, -0.5773502691896258, -0.5773502691896258], [-0.5773502691896258, 0.5773502691896258, -0.5773502691896258], [-0.5773502691896258, -0.5773502691896258, 0.5773502691896258]]"
2026-08-08T20:54:19.592707,-0.324661592219094,4.142636051219412,-0.5057653271908683,4.186004917401972,96.93959785817206,94.48115515892586,"[[0.5773502691896258, 0.5773502691896258, 0.5773502691896258], [0.5773502691896258, -0.5773502691896258, -0.5773502691896258], [-0.5773502691896258, 0.5773502691896258, -0.5773502691896258], [-0.5773502691896258, -0.5773502691896258, 0.5773502691896258]]"
2026-08-08T20:54:29.592707,-1.2213466710537884,3.7211758356449045,-1.0519563393179046,4.055298932324577,105.03463582755298,108.1706249213456,"[[0.5773502691896258, 0.5773502691896258, 0.5773502691896258], [0.5773502691896258, -0.5773502691896258, -0.5773502691896258], [-0.5773502691896258, 0.5773502691896258, -0.5773502691896258], [-0.5773502691896258, -0.5773502691896258, 0.5773502691896258]]"
2026-08-08T20:54:39.592707,0.16899197455907103,3.151780937558983,-0.31709675666537485,3.1721966709069687,95.73693930654738,86.93085770602234,"[[0.5773502691896258, 0.5773502691896258, 0.5773502691896258], [0.5773502691896258, -0.5773502691896258, -0.5773502691896258], [-0.5773502691896258, 0.5773502691896258, -0.5773502691896258], [-0.5773502691896258, -0.5773502691896258, 0.5773502691896258]]"
2026-08-08T20:54:49.592707,0.01190465479252623,2.8963865920118197,-0.3265172343175749,2.914757368203736,96.43189379703215,89.76450566469916,"[[0.5773502691896258, 0.5773502691896258, 0.5773502691896258], [0.5773502691896258, -0.5773502691896258, -0.5773502691896258], [-0.5773502691896258, 0.5773502691896258, -0.5773502691896258], [-0.5773502691896258, -0.5773502691896258, 0.5773502691896258]]"
2026-08-08T20:54:59.592707,-0.08045883168879095,4.093567698924721,0.28741497031681307,4.104433882332468,85.98454904823849,91.12600018446858,"[[0.5773502691896258, 0.5773502691896258, 0.5773502691896258], [0.5773502691896258, -0.5773502691896258, -0.5773502691896258], [-0.5773502691896258, 0.5773502691896258, -0.5773502691896258], [-0.5773502691896258, -0.5773502691896258, 0.5773502691896258]]"
2026-08-08T20:55:09.592707,-0.02154988349482534,3.583868584498306,0.9581055431519696,3.7097903795566487,75.03291720747649,90.34451667617485,"[[0.5773502691896258, 0.5773502691896258, 0.5773502691896258], [0.5773502691896258, -0.5773502691896258, -0.5773502691896258], [-0.5773502691896258, 0.5773502691896258, -0.5773502691896258], [-0.5773502691896258, -0.5773502691896258, 0.5773502691896258]]"
2026-08-08T20:55:19.592707,0.06983401113831453,3.3322183345189798,0.43038767651338444,3.3606233603471094,82.64204727790812,88.79941586169386,"[[0.5773502691896258, 0.5773502691896258, 0.5773502691896258], [0.5773502691896258, -0.5773502691896258, -0.5773502691896258], [-0.5773502691896258, 0.5773502691896258, -0.5773502691896258], [-0.5773502691896258, -0.5773502691896258, 0.5773502691896258]]"
2026-08-08T20:55:29.592707,0.24719846867403722,2.9211187300211066,-0.15789706646722035,2.9358087814763865,93.08303550693502,85.16289299506218,"[[0.5773502691896258, 0.5773502691896258, 0.5773502691896258], [0.5773502691896258, -0.5773502691896258, -0.5773502691896258], [-0.5773502691896258, 0.5773502691896258, -0.5773502691896258], [-0.5773502691896258, -0.5773502691896258, 0.5773502691896258]]"
2026-08-08T20:55:39.592707,-1.0067441791770815,2.704589935360232,1.6813518111226813,3.339952765163651,59.7744127980142,110.41704916795013,"[[0.5773502691896258, 0.5773502691896258, 0.5773502691896258], [0.5773502691896258, -0.5773502691896258, -0.5773502691896258], [-0.5773502691896258, 0.5773502691896258, -0.5773502691896258], [-0.5773502691896258, -0.5773502691896258, 0.5773502691896258]]"
2026-08-08T20:55:49.592707,-0.6229568493105478,2.086151076619453,0.6588991075005609,2.27469769078189,73.16213042844224,106.6264353974594,"[[0.5773502691896258, 0.5773502691896258, 0.5773502691896258], [0.5773502691896258, -0.5773502691896258, -0.5773502691896258], [-0.5773502691896258, 0.5773502691896258, -0.5773502691896258], [-0.5773502691896258, -0.5773502691896258, 0.5773502691896258]]"
2026-08-08T20:55:59.592707,-0.23975057549479686,2.5472436973207455,0.433579037835111,2.594980071992918,80.38169399673882,95.37692821192866,"[[0.5773502691896258, 0.5773502691896258, 0.5773502691896258], [0.5773502691896258, -0.5773502691896258, -0.5773502691896258], [-0.5773502691896258, 0.5773502691896258, -0.5773502691896258], [-0.5773502691896258, -0.5773502691896258, 0.5773502691896258]]"
2026-08-08T20:56:09.592707,-0.7976788895360383,3.0308488501143676,-1.3250265125490028,3.402650675871504,112.91779858178194,104.74510250730637,"[[0.5773502691896258, 0.5773502691896258, 0.5773502691896258], [0.5773502691896258, -0.5773502691896258, -0.5773502691896258], [-0.5773502691896258, 0.5773502691896258, -0.5773502691896258], [-0.5773502691896258, -0.5773502691896258, 0.5773502691896258]]"
2026-08-08T20:56:19.592707,0.226409566458112,3.209417498277221,-0.36054528868157537,3.2375322199512153,96.39396352564039,85.96473282703225,"[[0.5773502691896258, 0.5773502691896258, 0.5773502691896258], [0.5773502691896258, -0.5773502691896258, -0.5773502691896258], [-0.5773502691896258, 0.5773502691896258, -0.5773502691896258], [-0.5773502691896258, -0.5773502691896258, 0.5773502691896258]]"
2026-08-08T20:56:29.592707,-1.070082636289018,3.227222597477682,1.181442191584471,3.5994233141176615,70.83856254478897,108.34449125377385,"[[0.5773502691896258, 0.5773502691896258, 0.5773502691896258], [0.5773502691896258, -0.5773502691896258, -0.5773502691896258], [-0.5773502691896258, 0.5773502691896258, -0.5773502691896258], [-0.5773502691896258, -0.5773502691896258, 0.5773502691896258]]"
2026-08-08T20:56:39.592707,-0.3467911830730382,4.032943092712898,-0.11404613123355731,4.049432137197414,91.6138623638111,94.91475166320376,"[[0.5773502691896258, 0.5773502691896258, 0.5773502691896258], [0.5773502691896258, -0.5773502691896258, -0.5773502691896258], [-0.5773502691896258, 0.5773502691896258, -0.5773502691896258], [-0.5773502691896258, -0.5773502691896258, 0.5773502691896258]]"
2026-08-08T20:56:49.592707,-0.42591649507472296,5.768338792591444,-0.48380627628711265,5.80424032926505,94.7813764079026,94.22288202132566,"[[0.5773502691896258, 0.5773502691896258, 0.5773502691896258], [0.5773502691896258, -0.5773502691896258, -0.5773502691896258], [-0.5773502691896258, 0.5773502691896258, -0.5773502691896258], [-0.5773502691896258, -0.5773502691896258, 0.5773502691896258]]"
2026-08-08T20:56:59.592707,0.8400657907011664,3.3653378439255284,1.3353534388212225,3.7167698533855127,68.94414115464583,75.98408723042418,"[[0.5773502691896258, 0.5773502691896258, 0.5773502691896258], [0.5773502691896258, -0.5773502691896258, -0.5773502691896258], [-0.5773502691896258, 0.5773502691896258, -0.5773502691896258], [-0.5773502691896258, -0.5773502691896258, 0.5773502691896258]]"
2026-08-08T20:57:09.592707,-0.011011160895064036,3.8736299067132935,0.9589773205982792,3.990584844514617,76.09516429595061,90.16286825606738,"[[0.5773502691896258, 0.5773502691896258, 0.5773502691896258], [0.5773502691896258, -0.5773502691896258, -0.5773502691896258], [-0.5773502691896258, 0.5773502691896258, -0.5773502691896258], [-0.5773502691896258, -0.5773502691896258, 0.5773502691896258]]"
2026-08-08T20:57:19.592707,-0.36613767731823804,2.5086252556860904,0.4009963342458349,2.566720774119517,81.01191624029335,98.3037756221621,"[[0.5773502691896258, 0.5773502691896258, 0.5773502691896258], [0.5773502691896258, -0.5773502691896258, -0.5773502691896258], [-0.5773502691896258, 0.5773502691896258, -0.5773502691896258], [-0.5773502691896258, -0.5773502691896258, 0.5773502691896258]]"
2026-08-08T20:57:29.592707,0.0410704468180581,4.609924285704157,-0.18750773926226313,4.613918925795084,92.32911798311689,89.48955755810078,"[[0.5773502691896258, 0.5773502691896258, 0.5773502691896258], [0.5773502691896258, -0.5773502691896258, -0.5773502691896258], [-0.5773502691896258, 0.5773502691896258, -0.5773502691896258], [-0.5773502691896258, -0.5773502691896258, 0.5773502691896258]]"
2026-08-08T20:57:39.592707,0.01677610571763446,2.254782799345658,-0.40489023403808033,2.290908774169653,100.17980467176685,89.57371400972359,"[[0.5773502691896258, 0.5773502691896258, 0.5773502691896258], [0.5773502691896258, -0.5773502691896258, -0.5773502691896258], [-0.5773502691896258, 0.5773502691896258, -0.5773502691896258], [-0.5773502691896258, -0.5773502691896258, 0.5773502691896258]]"
2026-08-08T20:57:49.592707,-0.84970574805388,2.2861429919573553,1.3699501415532216,2.7973582230907117,60.67716556887518,110.38891999887728,"[[0.5773502691896258, 0.5773502691896258, 0.5773502691896258], [0.5773502691896258, -0.5773502691896258, -0.5773502691896258], [-0.5773502691896258, 0.5773502691896258, -0.5773502691896258], [-0.5773502691896258, -0.5773502691896258, 0.5773502691896258]]"
2026-08-08T20:57:59.592707,-0.3354268942960532,2.0773192561071956,0.5631082632852881,2.1782693610733777,75.0182259774568,99.17243839820259,"[[0.5773502691896258, 0.5773502691896258, 0.5773502691896258], [0.5773502691896258, -0.5773502691896258, -0.5773502691896258], [-0.5773502691896258, 0.5773502691896258, -0.5773502691896258], [-0.5773502691896258, -0.5773502691896258, 0.5773502691896258]]"
2026-08-08T20:58:09.592707,0.07159261873088842,3.2211459883645137,0.5692355675967699,3.271839866624093,79.98067868728809,88.72676380555434,"[[0.5773502691896258, 0.5773502691896258, 0.5773502691896258], [0.5773502691896258, -0.5773502691896258, -0.5773502691896258], [-0.5773502691896258, 0.5773502691896258, -0.5773502691896258], [-0.5773502691896258, -0.5773502691896258, 0.5773502691896258]]"
2026-08-08T20:58:19.592707,0.3004610816863297,3.6001950066645887,1.2439044671104402,3.820861064068944,71.00073299514222,85.22932788026489,"[[0.5773502691896258, 0.5773502691896258, 0.5773502691896258], [0.5773502691896258, -0.5773502691896258, -0.5773502691896258], [-0.5773502691896258, 0.5773502691896258, -0.5773502691896258], [-0.5773502691896258, -0.5773502691896258, 0.5773502691896258]]"
2026-08-08T20:58:29.592707,1.454365259772268,4.129615830678801,-0.6699712718204992,4.429194816542866,98.70009986102296,70.5987908403063,"[[0.5773502691896258, 0.5773502691896258, 0.5773502691896258], [0.5773502691896258, -0.5773502691896258, -0.5773502691896258], [-0.5773502691896258, 0.5773502691896258, -0.5773502691896258], [-0.5773502691896258, -0.5773502691896258, 0.5773502691896258]]"
2026-08-08T20:58:39.592707,-0.45424965265596345,3.0881803761761235,-0.20773226447659693,3.1283147981688066,93.80746416482137,98.3678016789824,"[[0.5773502691896258, 0.5773502691896258, 0.5773502691896258], [0.5773502691896258, -0.5773502691896258, -0.5773502691896258], [-0.5773502691896258, 0.5773502691896258, -0.5773502691896258], [-0.5773502691896258, -0.5773502691896258, 0.5773502691896258]]"
2026-08-08T20:58:49.592707,-0.8655346997766111,3.2403651108353837,-0.24778762709212596,3.3631109223718068,94.22527293032948,104.95514209772625,"[[0.5773502691896258, 0.5773502691896258, 0.5773502691896258], [0.5773502691896258, -0.5773502691896258, -0.5773502691896258], [-0.5773502691896258, 0.5773502691896258, -0.5773502691896258], [-0.5773502691896258, -0.5773502691896258, 0.5773502691896258]]"
2026-08-08T20:58:59.592707,-0.2887121929098132,4.03197837259728,-0.4779635324969544,4.0704610876194325,96.74336834012603,94.09570762340293,"[[0.5773502691896258, 0.5773502691896258, 0.5773502691896258], [0.5773502691896258, -0.5773502691896258, -0.5773502691896258], [-0.5773502691896258, 0.5773502691896258, -0.5773502691896258], [-0.5773502691896258, -0.5773502691896258, 0.5773502691896258]]"
2026-08-08T20:59:09.592707,1.7015725731174416,2.512535377106861,0.8655522687587314,3.155529111377744,74.07987376710359,55.89283549178722,"[[0.5773502691896258, 0.5773502691896258, 0.5773502691896258], [0.5773502691896258, -0.5773502691896258, -0.5773502691896258], [-0.5773502691896258, 0.5773502691896258, -0.5773502691896258], [-0.5773502691896258, -0.5773502691896258, 0.5773502691896258]]"
